,resname,resid,insertion,chain,pKa,protonation,flipped,patches,buried,z,membraneExposed,forced_protonation,default_protonation,pka_group_id,pka_residue_type,pka_type,pka_charge,pka_atom_name,pka_atom_sybyl_type,pdb2pqr_idx,guessedAtoms
0,SER,1, ,A,,SER,,,,,,,SER,,,,,,,0.0,"['H', '1', 'HA', 'HB2', 'HB3', 'H2', 'H3', 'HG']"
1,GLY,2, ,A,,GLY,,,,,,,GLY,,,,,,,1.0,"['H', 'HA2', 'HA3']"
2,PHE,3, ,A,,PHE,,,,,,,PHE,,,,,,,2.0,"['H', 'HA', 'HB2', 'HB3', 'HD1', 'HD2', 'HE1', 'HE2', 'HZ']"
3,ARG,4, ,A,12.411758298075615,ARG,,,0.0,-4.952,,,ARG,1.0,ARG,ARG,1,CZ,,3.0,"['H', 'HA', 'HB2', 'HB3', 'HG2', 'HG3', 'HD2', 'HD3', 'HE', 'HH11', 'HH12', 'HH21', 'HH22']"
4,LYS,5, ,A,10.435597721412757,LYS,,,62.857142857142854,-0.565,,,LYS,2.0,LYS,LYS,1,NZ,,4.0,"['H', 'HA', 'HB2', 'HB3', 'HG2', 'HG3', 'HD2', 'HD3', 'HE2', 'HE3', 'HZ1', 'HZ2', 'HZ3']"
5,MET,6, ,A,,MET,,,,,,,MET,,,,,,,5.0,"['H', 'HA', 'HB2', 'HB3', 'HG2', 'HG3', 'HE1', 'HE2', 'HE3']"
6,ALA,7, ,A,,ALA,,,,,,,ALA,,,,,,,6.0,"['H', 'HA', 'HB1', 'HB2', 'HB3']"
7,PHE,8, ,A,,PHE,,,,,,,PHE,,,,,,,7.0,"['H', 'HA', 'HB2', 'HB3', 'HD1', 'HD2', 'HE1', 'HE2', 'HZ']"
8,PRO,9, ,A,,PRO,,,,,,,PRO,,,,,,,8.0,"['HA', 'HB2', 'HB3', 'HG2', 'HG3', 'HD2', 'HD3']"
9,SER,10, ,A,,SER,,,,,,,SER,,,,,,,9.0,"['H', 'HA', 'HB2', 'HB3', 'HG']"
10,GLY,11, ,A,,GLY,,,,,,,GLY,,,,,,,10.0,"['H', 'HA2', 'HA3']"
11,LYS,12, ,A,10.453854759790904,LYS,,,0.0,-4.926,,,LYS,3.0,LYS,LYS,1,NZ,,11.0,"['H', 'HA', 'HB2', 'HB3', 'HG2', 'HG3', 'HD2', 'HD3', 'HE2', 'HE3', 'HZ1', 'HZ2', 'HZ3']"
12,VAL,13, ,A,,VAL,,,,,,,VAL,,,,,,,12.0,"['H', 'HA', 'HB', 'HG11', 'HG12', 'HG13', 'HG21', 'HG22', 'HG23']"
13,GLU,14, ,A,4.003734150792436,GLU,,,3.571428571428571,3.27,,,GLU,4.0,GLU,COO,-1,CD,,13.0,"['H', 'HA', 'HB2', 'HB3', 'HG2', 'HG3']"
14,GLY,15, ,A,,GLY,,,,,,,GLY,,,,,,,14.0,"['H', 'HA2', 'HA3']"
15,CYS,16, ,A,11.901290211007405,CYS,,,77.14285714285715,4.791,,,CYS,5.0,CYS,CYS,-1,SG,,15.0,"['H', 'HA', 'HB2', 'HB3', 'HG']"
16,MET,17, ,A,,MET,,,,,,,MET,,,,,,,16.0,"['H', 'HA', 'HB2', 'HB3', 'HG2', 'HG3', 'HE1', 'HE2', 'HE3']"
17,VAL,18, ,A,,VAL,,,,,,,VAL,,,,,,,17.0,"['H', 'HA', 'HB', 'HG11', 'HG12', 'HG13', 'HG21', 'HG22', 'HG23']"
18,GLN,19, ,A,,GLN,,,,,,,GLN,,,,,,,18.0,"['H', 'HA', 'HB2', 'HB3', 'HG2', 'HG3', 'NE2', 'OE1', 'HE21', 'HE22']"
19,VAL,20, ,A,,VAL,,,,,,,VAL,,,,,,,19.0,"['H', 'HA', 'HB', 'HG11', 'HG12', 'HG13', 'HG21', 'HG22', 'HG23']"
20,THR,21, ,A,,THR,,,,,,,THR,,,,,,,20.0,"['H', 'HA', 'HB', 'HG21', 'HG22', 'HG23', 'HG1']"
21,CYS,22, ,A,10.183022709241877,CYS,,,53.57142857142857,26.778,,,CYS,6.0,CYS,CYS,-1,SG,,21.0,"['H', 'HA', 'HB2', 'HB3', 'HG']"
22,GLY,23, ,A,,GLY,,,,,,,GLY,,,,,,,22.0,"['H', 'HA2', 'HA3']"
23,THR,24, ,A,,THR,,,,,,,THR,,,,,,,23.0,"['H', 'HA', 'HB', 'HG21', 'HG22', 'HG23', 'HG1']"
24,THR,25, ,A,,THR,,,,,,,THR,,,,,,,24.0,"['H', 'HA', 'HB', 'HG21', 'HG22', 'HG23', 'HG1']"
25,THR,26, ,A,,THR,,,,,,,THR,,,,,,,25.0,"['H', 'HA', 'HB', 'HG21', 'HG22', 'HG23', 'HG1']"
26,LEU,27, ,A,,LEU,,,,,,,LEU,,,,,,,26.0,"['H', 'HA', 'HB2', 'HB3', 'HG', 'HD11', 'HD12', 'HD13', 'HD21', 'HD22', 'HD23']"
27,ASN,28, ,A,,ASN,,,,,,,ASN,,,,,,,27.0,"['H', 'HA', 'HB2', 'HB3', 'ND2', 'OD1', 'HD21', 'HD22']"
28,GLY,29, ,A,,GLY,,,,,,,GLY,,,,,,,28.0,"['H', 'HA2', 'HA3']"
29,LEU,30, ,A,,LEU,,,,,,,LEU,,,,,,,29.0,"['H', 'HA', 'HB2', 'HB3', 'HG', 'HD11', 'HD12', 'HD13', 'HD21', 'HD22', 'HD23']"
30,TRP,31, ,A,,TRP,,,,,,,TRP,,,,,,,30.0,"['H', 'HA', 'HB2', 'HB3', 'HD1', 'HE1', 'HE3', 'HZ2', 'HZ3', 'HH2']"
31,LEU,32, ,A,,LEU,,,,,,,LEU,,,,,,,31.0,"['H', 'HA', 'HB2', 'HB3', 'HG', 'HD11', 'HD12', 'HD13', 'HD21', 'HD22', 'HD23']"
32,ASP,33, ,A,3.562764966412368,ASP,,,8.928571428571429,5.016,,,ASP,7.0,ASP,COO,-1,CG,,32.0,"['H', 'HA', 'HB2', 'HB3']"
33,ASP,34, ,A,3.774605542783623,ASP,,,0.0,10.468,,,ASP,8.0,ASP,COO,-1,CG,,33.0,"['H', 'HA', 'HB2', 'HB3']"
34,VAL,35, ,A,,VAL,,,,,,,VAL,,,,,,,34.0,"['H', 'HA', 'HB', 'HG11', 'HG12', 'HG13', 'HG21', 'HG22', 'HG23']"
35,VAL,36, ,A,,VAL,,,,,,,VAL,,,,,,,35.0,"['H', 'HA', 'HB', 'HG11', 'HG12', 'HG13', 'HG21', 'HG22', 'HG23']"
36,TYR,37, ,A,11.913927687161015,TYR,,,60.71428571428571,9.332,,,TYR,9.0,TYR,TYR,-1,OH,,36.0,"['H', 'HA', 'HB2', 'HB3', 'HD1', 'HD2', 'HE1', 'HE2', 'HH']"
37,CYS,38, ,A,12.774569618233471,CYS,,,100.0,18.587,,,CYS,10.0,CYS,CYS,-1,SG,,37.0,"['H', 'HA', 'HB2', 'HB3', 'HG']"
38,PRO,39, ,A,,PRO,,,,,,,PRO,,,,,,,38.0,"['HA', 'HB2', 'HB3', 'HG2', 'HG3', 'HD2', 'HD3']"
39,ARG,40, ,A,14.266267303318978,ARG,,,53.214285714285715,21.989,,,ARG,11.0,ARG,ARG,1,CZ,,39.0,"['H', 'HA', 'HB2', 'HB3', 'HG2', 'HG3', 'HD2', 'HD3', 'HE', 'HH11', 'HH12', 'HH21', 'HH22']"
40,HIS,41, ,A,4.476826368355449,HID,,,100.0,22.162,,,HID,12.0,HIS,HIS,1,CG,,40.0,"['H', 'HA', 'HB2', 'HB3', 'CD2', 'ND1', 'CE1', 'NE2', 'HD1', 'HD2', 'HE1']"
41,VAL,42, ,A,,VAL,,,,,,,VAL,,,,,,,41.0,"['H', 'HA', 'HB', 'HG11', 'HG12', 'HG13', 'HG21', 'HG22', 'HG23']"
42,ILE,43, ,A,,ILE,,,,,,,ILE,,,,,,,42.0,"['H', 'HA', 'HB', 'HG12', 'HG13', 'HG21', 'HG22', 'HG23', 'HD11', 'HD12', 'HD13']"
43,CYS,44, ,A,11.189825345070323,CYS,,,52.142857142857146,27.302,,,CYS,13.0,CYS,CYS,-1,SG,,43.0,"['H', 'HA', 'HB2', 'HB3', 'HG']"
44,THR,45, ,A,,THR,,,,,,,THR,,,,,,,44.0,"['H', 'HA', 'HB', 'HG21', 'HG22', 'HG23', 'HG1']"
45,SER,46, ,A,,SER,,,,,,,SER,,,,,,,45.0,"['H', 'HA', 'HB2', 'HB3', 'HG']"
46,GLU,47, ,A,3.960423449641294,GLU,,,0.0,35.625,,,GLU,14.0,GLU,COO,-1,CD,,46.0,"['H', 'HA', 'HB2', 'HB3', 'HG2', 'HG3']"
47,ASP,48, ,A,2.8590503288105626,ASP,,,0.0,32.277,,,ASP,15.0,ASP,COO,-1,CG,,47.0,"['H', 'HA', 'HB2', 'HB3']"
48,MET,49, ,A,,MET,,,,,,,MET,,,,,,,48.0,"['H', 'HA', 'HB2', 'HB3', 'HG2', 'HG3', 'HE1', 'HE2', 'HE3']"
49,LEU,50, ,A,,LEU,,,,,,,LEU,,,,,,,49.0,"['H', 'HA', 'HB2', 'HB3', 'HG', 'HD11', 'HD12', 'HD13', 'HD21', 'HD22', 'HD23']"
50,ASN,51, ,A,,ASN,,,,,,,ASN,,,,,,,50.0,"['H', 'HA', 'HB2', 'HB3', 'ND2', 'OD1', 'HD21', 'HD22']"
51,PRO,52, ,A,,PRO,,,,,,,PRO,,,,,,,51.0,"['HA', 'HB2', 'HB3', 'HG2', 'HG3', 'HD2', 'HD3']"
52,ASN,53, ,A,,ASN,False,,,,,,ASN,,,,,,,52.0,"['H', 'HA', 'HB2', 'HB3', 'ND2', 'OD1', 'HD21', 'HD22']"
53,TYR,54, ,A,14.852533126431046,TYR,,,67.85714285714286,24.419,,,TYR,16.0,TYR,TYR,-1,OH,,53.0,"['H', 'HA', 'HB2', 'HB3', 'HD1', 'HD2', 'HE1', 'HE2', 'HH']"
54,GLU,55, ,A,4.763704337514791,GLU,,,0.0,25.005,,,GLU,17.0,GLU,COO,-1,CD,,54.0,"['H', 'HA', 'HB2', 'HB3', 'HG2', 'HG3']"
55,ASP,56, ,A,4.025360690848379,ASP,,,0.0,32.382,,,ASP,18.0,ASP,COO,-1,CG,,55.0,"['H', 'HA', 'HB2', 'HB3']"
56,LEU,57, ,A,,LEU,,,,,,,LEU,,,,,,,56.0,"['H', 'HA', 'HB2', 'HB3', 'HG', 'HD11', 'HD12', 'HD13', 'HD21', 'HD22', 'HD23']"
57,LEU,58, ,A,,LEU,,,,,,,LEU,,,,,,,57.0,"['H', 'HA', 'HB2', 'HB3', 'HG', 'HD11', 'HD12', 'HD13', 'HD21', 'HD22', 'HD23']"
58,ILE,59, ,A,,ILE,,,,,,,ILE,,,,,,,58.0,"['H', 'HA', 'HB', 'HG12', 'HG13', 'HG21', 'HG22', 'HG23', 'HD11', 'HD12', 'HD13']"
59,ARG,60, ,A,12.403633447143218,ARG,,,0.0,35.984,,,ARG,19.0,ARG,ARG,1,CZ,,59.0,"['H', 'HA', 'HB2', 'HB3', 'HG2', 'HG3', 'HD2', 'HD3', 'HE', 'HH11', 'HH12', 'HH21', 'HH22']"
60,LYS,61, ,A,10.85502365923995,LYS,,,18.21428571428571,30.346,,,LYS,20.0,LYS,LYS,1,NZ,,60.0,"['H', 'HA', 'HB2', 'HB3', 'HG2', 'HG3', 'HD2', 'HD3', 'HE2', 'HE3', 'HZ1', 'HZ2', 'HZ3']"
61,SER,62, ,A,,SER,,,,,,,SER,,,,,,,61.0,"['H', 'HA', 'HB2', 'HB3', 'HG']"
62,ASN,63, ,A,,ASN,False,,,,,,ASN,,,,,,,62.0,"['H', 'HA', 'HB2', 'HB3', 'ND2', 'OD1', 'HD21', 'HD22']"
63,HIS,64, ,A,6.259629857750716,HID,False,,0.0,28.453,,,HID,21.0,HIS,HIS,1,CG,,63.0,"['H', 'HA', 'HB2', 'HB3', 'CD2', 'ND1', 'CE1', 'NE2', 'HD1', 'HD2', 'HE1']"
64,ASN,65, ,A,,ASN,False,,,,,,ASN,,,,,,,64.0,"['H', 'HA', 'HB2', 'HB3', 'ND2', 'OD1', 'HD21', 'HD22']"
65,PHE,66, ,A,,PHE,,,,,,,PHE,,,,,,,65.0,"['H', 'HA', 'HB2', 'HB3', 'HD1', 'HD2', 'HE1', 'HE2', 'HZ']"
66,LEU,67, ,A,,LEU,,,,,,,LEU,,,,,,,66.0,"['H', 'HA', 'HB2', 'HB3', 'HG', 'HD11', 'HD12', 'HD13', 'HD21', 'HD22', 'HD23']"
67,VAL,68, ,A,,VAL,,,,,,,VAL,,,,,,,67.0,"['H', 'HA', 'HB', 'HG11', 'HG12', 'HG13', 'HG21', 'HG22', 'HG23']"
68,GLN,69, ,A,,GLN,False,,,,,,GLN,,,,,,,68.0,"['H', 'HA', 'HB2', 'HB3', 'HG2', 'HG3', 'NE2', 'OE1', 'HE21', 'HE22']"
69,ALA,70, ,A,,ALA,,,,,,,ALA,,,,,,,69.0,"['H', 'HA', 'HB1', 'HB2', 'HB3']"
70,GLY,71, ,A,,GLY,,,,,,,GLY,,,,,,,70.0,"['H', 'HA2', 'HA3']"
71,ASN,72, ,A,,ASN,True,,,,,,ASN,,,,,,,71.0,"['H', 'HA', 'HB2', 'HB3', 'HD21', 'HD22']"
72,VAL,73, ,A,,VAL,,,,,,,VAL,,,,,,,72.0,"['H', 'HA', 'HB', 'HG11', 'HG12', 'HG13', 'HG21', 'HG22', 'HG23']"
73,GLN,74, ,A,,GLN,True,,,,,,GLN,,,,,,,73.0,"['H', 'HA', 'HB2', 'HB3', 'HG2', 'HG3', 'HE21', 'HE22']"
74,LEU,75, ,A,,LEU,,,,,,,LEU,,,,,,,74.0,"['H', 'HA', 'HB2', 'HB3', 'HG', 'HD11', 'HD12', 'HD13', 'HD21', 'HD22', 'HD23']"
75,ARG,76, ,A,12.585611533112408,ARG,,,0.0,20.866,,,ARG,22.0,ARG,ARG,1,CZ,,75.0,"['H', 'HA', 'HB2', 'HB3', 'HG2', 'HG3', 'HD2', 'HD3', 'HE', 'HH11', 'HH12', 'HH21', 'HH22']"
76,VAL,77, ,A,,VAL,,,,,,,VAL,,,,,,,76.0,"['H', 'HA', 'HB', 'HG11', 'HG12', 'HG13', 'HG21', 'HG22', 'HG23']"
77,ILE,78, ,A,,ILE,,,,,,,ILE,,,,,,,77.0,"['H', 'HA', 'HB', 'HG12', 'HG13', 'HG21', 'HG22', 'HG23', 'HD11', 'HD12', 'HD13']"
78,GLY,79, ,A,,GLY,,,,,,,GLY,,,,,,,78.0,"['H', 'HA2', 'HA3']"
79,HIS,80, ,A,5.6450123313820795,HID,False,,25.0,22.744,,,HID,23.0,HIS,HIS,1,CG,,79.0,"['H', 'HA', 'HB2', 'HB3', 'CD2', 'ND1', 'CE1', 'NE2', 'HD1', 'HD2', 'HE1']"
80,SER,81, ,A,,SER,,,,,,,SER,,,,,,,80.0,"['H', 'HA', 'HB2', 'HB3', 'HG']"
81,MET,82, ,A,,MET,,,,,,,MET,,,,,,,81.0,"['H', 'HA', 'HB2', 'HB3', 'HG2', 'HG3', 'HE1', 'HE2', 'HE3']"
82,GLN,83, ,A,,GLN,False,,,,,,GLN,,,,,,,82.0,"['H', 'HA', 'HB2', 'HB3', 'HG2', 'HG3', 'NE2', 'OE1', 'HE21', 'HE22']"
83,ASN,84, ,A,,ASN,False,,,,,,ASN,,,,,,,83.0,"['H', 'HA', 'HB2', 'HB3', 'ND2', 'OD1', 'HD21', 'HD22']"
84,CYS,85, ,A,11.586734933518779,CYS,,,62.5,18.62,,,CYS,24.0,CYS,CYS,-1,SG,,84.0,"['H', 'HA', 'HB2', 'HB3', 'HG']"
85,VAL,86, ,A,,VAL,,,,,,,VAL,,,,,,,85.0,"['H', 'HA', 'HB', 'HG11', 'HG12', 'HG13', 'HG21', 'HG22', 'HG23']"
86,LEU,87, ,A,,LEU,,,,,,,LEU,,,,,,,86.0,"['H', 'HA', 'HB2', 'HB3', 'HG', 'HD11', 'HD12', 'HD13', 'HD21', 'HD22', 'HD23']"
87,LYS,88, ,A,9.962295589229807,LYS,,,14.642857142857144,13.281,,,LYS,25.0,LYS,LYS,1,NZ,,87.0,"['H', 'HA', 'HB2', 'HB3', 'HG2', 'HG3', 'HD2', 'HD3', 'HE2', 'HE3', 'HZ1', 'HZ2', 'HZ3']"
88,LEU,89, ,A,,LEU,,,,,,,LEU,,,,,,,88.0,"['H', 'HA', 'HB2', 'HB3', 'HG', 'HD11', 'HD12', 'HD13', 'HD21', 'HD22', 'HD23']"
89,LYS,90, ,A,10.524261415164027,LYS,,,0.0,14.335,,,LYS,26.0,LYS,LYS,1,NZ,,89.0,"['H', 'HA', 'HB2', 'HB3', 'HG2', 'HG3', 'HD2', 'HD3', 'HE2', 'HE3', 'HZ1', 'HZ2', 'HZ3']"
90,VAL,91, ,A,,VAL,,,,,,,VAL,,,,,,,90.0,"['H', 'HA', 'HB', 'HG11', 'HG12', 'HG13', 'HG21', 'HG22', 'HG23']"
91,ASP,92, ,A,3.259904947978555,ASP,,,0.0,15.477,,,ASP,27.0,ASP,COO,-1,CG,,91.0,"['H', 'HA', 'HB2', 'HB3']"
92,THR,93, ,A,,THR,,,,,,,THR,,,,,,,92.0,"['H', 'HA', 'HB', 'HG21', 'HG22', 'HG23', 'HG1']"
93,ALA,94, ,A,,ALA,,,,,,,ALA,,,,,,,93.0,"['H', 'HA', 'HB1', 'HB2', 'HB3']"
94,ASN,95, ,A,,ASN,False,,,,,,ASN,,,,,,,94.0,"['H', 'HA', 'HB2', 'HB3', 'ND2', 'OD1', 'HD21', 'HD22']"
95,PRO,96, ,A,,PRO,,,,,,,PRO,,,,,,,95.0,"['HA', 'HB2', 'HB3', 'HG2', 'HG3', 'HD2', 'HD3']"
96,LYS,97, ,A,10.388508022870877,LYS,,,0.0,5.342,,,LYS,28.0,LYS,LYS,1,NZ,,96.0,"['H', 'HA', 'HB2', 'HB3', 'HG2', 'HG3', 'HD2', 'HD3', 'HE2', 'HE3', 'HZ1', 'HZ2', 'HZ3']"
97,THR,98, ,A,,THR,,,,,,,THR,,,,,,,97.0,"['H', 'HA', 'HB', 'HG21', 'HG22', 'HG23', 'HG1']"
98,PRO,99, ,A,,PRO,,,,,,,PRO,,,,,,,98.0,"['HA', 'HB2', 'HB3', 'HG2', 'HG3', 'HD2', 'HD3']"
99,LYS,100, ,A,11.560270442317027,LYS,,,0.0,-8.005,,,LYS,29.0,LYS,LYS,1,NZ,,99.0,"['H', 'HA', 'HB2', 'HB3', 'HG2', 'HG3', 'HD2', 'HD3', 'HE2', 'HE3', 'HZ1', 'HZ2', 'HZ3']"
100,TYR,101, ,A,12.908609928639327,TYR,,,32.857142857142854,5.108,,,TYR,30.0,TYR,TYR,-1,OH,,100.0,"['H', 'HA', 'HB2', 'HB3', 'HD1', 'HD2', 'HE1', 'HE2', 'HH']"
101,LYS,102, ,A,10.734549509520177,LYS,,,0.0,-5.15,,,LYS,31.0,LYS,LYS,1,NZ,,101.0,"['H', 'HA', 'HB2', 'HB3', 'HG2', 'HG3', 'HD2', 'HD3', 'HE2', 'HE3', 'HZ1', 'HZ2', 'HZ3']"
102,PHE,103, ,A,,PHE,,,,,,,PHE,,,,,,,102.0,"['H', 'HA', 'HB2', 'HB3', 'HD1', 'HD2', 'HE1', 'HE2', 'HZ']"
103,VAL,104, ,A,,VAL,,,,,,,VAL,,,,,,,103.0,"['H', 'HA', 'HB', 'HG11', 'HG12', 'HG13', 'HG21', 'HG22', 'HG23']"
104,ARG,105, ,A,13.172807625165488,ARG,,,27.142857142857142,8.935,,,ARG,32.0,ARG,ARG,1,CZ,,104.0,"['H', 'HA', 'HB2', 'HB3', 'HG2', 'HG3', 'HD2', 'HD3', 'HE', 'HH11', 'HH12', 'HH21', 'HH22']"
105,ILE,106, ,A,,ILE,,,,,,,ILE,,,,,,,105.0,"['H', 'HA', 'HB', 'HG12', 'HG13', 'HG21', 'HG22', 'HG23', 'HD11', 'HD12', 'HD13']"
106,GLN,107, ,A,,GLN,,,,,,,GLN,,,,,,,106.0,"['H', 'HA', 'HB2', 'HB3', 'HG2', 'HG3', 'NE2', 'OE1', 'HE21', 'HE22']"
107,PRO,108, ,A,,PRO,,,,,,,PRO,,,,,,,107.0,"['HA', 'HB2', 'HB3', 'HG2', 'HG3', 'HD2', 'HD3']"
108,GLY,109, ,A,,GLY,,,,,,,GLY,,,,,,,108.0,"['H', 'HA2', 'HA3']"
109,GLN,110, ,A,,GLN,True,,,,,,GLN,,,,,,,109.0,"['H', 'HA', 'HB2', 'HB3', 'HG2', 'HG3', 'HE21', 'HE22']"
110,THR,111, ,A,,THR,,,,,,,THR,,,,,,,110.0,"['H', 'HA', 'HB', 'HG21', 'HG22', 'HG23', 'HG1']"
111,PHE,112, ,A,,PHE,,,,,,,PHE,,,,,,,111.0,"['H', 'HA', 'HB2', 'HB3', 'HD1', 'HD2', 'HE1', 'HE2', 'HZ']"
112,SER,113, ,A,,SER,,,,,,,SER,,,,,,,112.0,"['H', 'HA', 'HB2', 'HB3', 'HG']"
113,VAL,114, ,A,,VAL,,,,,,,VAL,,,,,,,113.0,"['H', 'HA', 'HB', 'HG11', 'HG12', 'HG13', 'HG21', 'HG22', 'HG23']"
114,LEU,115, ,A,,LEU,,,,,,,LEU,,,,,,,114.0,"['H', 'HA', 'HB2', 'HB3', 'HG', 'HD11', 'HD12', 'HD13', 'HD21', 'HD22', 'HD23']"
115,ALA,116, ,A,,ALA,,,,,,,ALA,,,,,,,115.0,"['H', 'HA', 'HB1', 'HB2', 'HB3']"
116,CYS,117, ,A,12.050044342926526,CYS,,,77.5,10.002,,,CYS,33.0,CYS,CYS,-1,SG,,116.0,"['H', 'HA', 'HB2', 'HB3', 'HG']"
117,TYR,118, ,A,10.197978190909401,TYR,,,17.5,14.484,,,TYR,34.0,TYR,TYR,-1,OH,,117.0,"['H', 'HA', 'HB2', 'HB3', 'HD1', 'HD2', 'HE1', 'HE2', 'HH']"
118,ASN,119, ,A,,ASN,True,,,,,,ASN,,,,,,,118.0,"['H', 'HA', 'HB2', 'HB3', 'HD21', 'HD22']"
119,GLY,120, ,A,,GLY,,,,,,,GLY,,,,,,,119.0,"['H', 'HA2', 'HA3']"
120,SER,121, ,A,,SER,,,,,,,SER,,,,,,,120.0,"['H', 'HA', 'HB2', 'HB3', 'HG']"
121,PRO,122, ,A,,PRO,,,,,,,PRO,,,,,,,121.0,"['HA', 'HB2', 'HB3', 'HG2', 'HG3', 'HD2', 'HD3']"
122,SER,123, ,A,,SER,,,,,,,SER,,,,,,,122.0,"['H', 'HA', 'HB2', 'HB3', 'HG']"
123,GLY,124, ,A,,GLY,,,,,,,GLY,,,,,,,123.0,"['H', 'HA2', 'HA3']"
124,VAL,125, ,A,,VAL,,,,,,,VAL,,,,,,,124.0,"['H', 'HA', 'HB', 'HG11', 'HG12', 'HG13', 'HG21', 'HG22', 'HG23']"
125,TYR,126, ,A,13.161513521529264,TYR,,,66.78571428571428,9.199,,,TYR,35.0,TYR,TYR,-1,OH,,125.0,"['H', 'HA', 'HB2', 'HB3', 'HD1', 'HD2', 'HE1', 'HE2', 'HH']"
126,GLN,127, ,A,,GLN,,,,,,,GLN,,,,,,,126.0,"['H', 'HA', 'HB2', 'HB3', 'HG2', 'HG3', 'NE2', 'OE1', 'HE21', 'HE22']"
127,CYS,128, ,A,13.093037729929272,CYS,,,95.71428571428572,5.97,,,CYS,36.0,CYS,CYS,-1,SG,,127.0,"['H', 'HA', 'HB2', 'HB3', 'HG']"
128,ALA,129, ,A,,ALA,,,,,,,ALA,,,,,,,128.0,"['H', 'HA', 'HB1', 'HB2', 'HB3']"
129,MET,130, ,A,,MET,,,,,,,MET,,,,,,,129.0,"['H', 'HA', 'HB2', 'HB3', 'HG2', 'HG3', 'HE1', 'HE2', 'HE3']"
130,ARG,131, ,A,15.712153116686782,ARG,,,66.78571428571428,3.921,,,ARG,37.0,ARG,ARG,1,CZ,,130.0,"['H', 'HA', 'HB2', 'HB3', 'HG2', 'HG3', 'HD2', 'HD3', 'HE', 'HH11', 'HH12', 'HH21', 'HH22']"
131,PRO,132, ,A,,PRO,,,,,,,PRO,,,,,,,131.0,"['HA', 'HB2', 'HB3', 'HG2', 'HG3', 'HD2', 'HD3']"
132,ASN,133, ,A,,ASN,False,,,,,,ASN,,,,,,,132.0,"['H', 'HA', 'HB2', 'HB3', 'ND2', 'OD1', 'HD21', 'HD22']"
133,PHE,134, ,A,,PHE,,,,,,,PHE,,,,,,,133.0,"['H', 'HA', 'HB2', 'HB3', 'HD1', 'HD2', 'HE1', 'HE2', 'HZ']"
134,THR,135, ,A,,THR,,,,,,,THR,,,,,,,134.0,"['H', 'HA', 'HB', 'HG21', 'HG22', 'HG23', 'HG1']"
135,ILE,136, ,A,,ILE,,,,,,,ILE,,,,,,,135.0,"['H', 'HA', 'HB', 'HG12', 'HG13', 'HG21', 'HG22', 'HG23', 'HD11', 'HD12', 'HD13']"
136,LYS,137, ,A,10.951876984298995,LYS,,,43.57142857142857,6.846,,,LYS,38.0,LYS,LYS,1,NZ,,136.0,"['H', 'HA', 'HB2', 'HB3', 'HG2', 'HG3', 'HD2', 'HD3', 'HE2', 'HE3', 'HZ1', 'HZ2', 'HZ3']"
137,GLY,138, ,A,,GLY,,,,,,,GLY,,,,,,,137.0,"['H', 'HA2', 'HA3']"
138,SER,139, ,A,,SER,,,,,,,SER,,,,,,,138.0,"['H', 'HA', 'HB2', 'HB3', 'HG']"
139,PHE,140, ,A,,PHE,,,,,,,PHE,,,,,,,139.0,"['H', 'HA', 'HB2', 'HB3', 'HD1', 'HD2', 'HE1', 'HE2', 'HZ']"
140,LEU,141, ,A,,LEU,,,,,,,LEU,,,,,,,140.0,"['H', 'HA', 'HB2', 'HB3', 'HG', 'HD11', 'HD12', 'HD13', 'HD21', 'HD22', 'HD23']"
141,ASN,142, ,A,,ASN,False,,,,,,ASN,,,,,,,141.0,"['H', 'HA', 'HB2', 'HB3', 'ND2', 'OD1', 'HD21', 'HD22']"
142,GLY,143, ,A,,GLY,,,,,,,GLY,,,,,,,142.0,"['H', 'HA2', 'HA3']"
143,SER,144, ,A,,SER,,,,,,,SER,,,,,,,143.0,"['H', 'HA', 'HB2', 'HB3', 'HG']"
144,CYS,145, ,A,12.210536985213269,CYS,,,100.0,18.326,,,CYS,39.0,CYS,CYS,-1,SG,,144.0,"['H', 'HA', 'HB2', 'HB3', 'HG']"
145,GLY,146, ,A,,GLY,,,,,,,GLY,,,,,,,145.0,"['H', 'HA2', 'HA3']"
146,SER,147, ,A,,SER,,,,,,,SER,,,,,,,146.0,"['H', 'HA', 'HB2', 'HB3', 'HG']"
147,VAL,148, ,A,,VAL,,,,,,,VAL,,,,,,,147.0,"['H', 'HA', 'HB', 'HG11', 'HG12', 'HG13', 'HG21', 'HG22', 'HG23']"
148,GLY,149, ,A,,GLY,,,,,,,GLY,,,,,,,148.0,"['H', 'HA2', 'HA3']"
149,PHE,150, ,A,,PHE,,,,,,,PHE,,,,,,,149.0,"['H', 'HA', 'HB2', 'HB3', 'HD1', 'HD2', 'HE1', 'HE2', 'HZ']"
150,ASN,151, ,A,,ASN,False,,,,,,ASN,,,,,,,150.0,"['H', 'HA', 'HB2', 'HB3', 'ND2', 'OD1', 'HD21', 'HD22']"
151,ILE,152, ,A,,ILE,,,,,,,ILE,,,,,,,151.0,"['H', 'HA', 'HB', 'HG12', 'HG13', 'HG21', 'HG22', 'HG23', 'HD11', 'HD12', 'HD13']"
152,ASP,153, ,A,3.9963613790876003,ASP,,,0.0,-8.947,,,ASP,40.0,ASP,COO,-1,CG,,152.0,"['H', 'HA', 'HB2', 'HB3']"
153,TYR,154, ,A,10.317680265106906,TYR,,,0.0,-12.149,,,TYR,41.0,TYR,TYR,-1,OH,,153.0,"['H', 'HA', 'HB2', 'HB3', 'HD1', 'HD2', 'HE1', 'HE2', 'HH']"
154,ASP,155, ,A,2.737242334280645,ASP,,,0.0,-7.988,,,ASP,42.0,ASP,COO,-1,CG,,154.0,"['H', 'HA', 'HB2', 'HB3']"
155,CYS,156, ,A,9.545829360503028,CYS,,,4.285714285714286,-3.482,,,CYS,43.0,CYS,CYS,-1,SG,,155.0,"['H', 'HA', 'HB2', 'HB3', 'HG']"
156,VAL,157, ,A,,VAL,,,,,,,VAL,,,,,,,156.0,"['H', 'HA', 'HB', 'HG11', 'HG12', 'HG13', 'HG21', 'HG22', 'HG23']"
157,SER,158, ,A,,SER,,,,,,,SER,,,,,,,157.0,"['H', 'HA', 'HB2', 'HB3', 'HG']"
158,PHE,159, ,A,,PHE,,,,,,,PHE,,,,,,,158.0,"['H', 'HA', 'HB2', 'HB3', 'HD1', 'HD2', 'HE1', 'HE2', 'HZ']"
159,CYS,160, ,A,12.882341976744339,CYS,,,100.0,3.352,,,CYS,44.0,CYS,CYS,-1,SG,,159.0,"['H', 'HA', 'HB2', 'HB3', 'HG']"
160,TYR,161, ,A,15.611847114026117,TYR,,,100.0,12.042,,,TYR,45.0,TYR,TYR,-1,OH,,160.0,"['H', 'HA', 'HB2', 'HB3', 'HD1', 'HD2', 'HE1', 'HE2', 'HH']"
161,MET,162, ,A,,MET,,,,,,,MET,,,,,,,161.0,"['H', 'HA', 'HB2', 'HB3', 'HG2', 'HG3', 'HE1', 'HE2', 'HE3']"
162,HIS,163, ,A,1.3829256557460203,HID,False,,100.0,14.016,,,HID,46.0,HIS,HIS,1,CG,,162.0,"['H', 'HA', 'HB2', 'HB3', 'CD2', 'ND1', 'CE1', 'NE2', 'HD1', 'HD2', 'HE1']"
163,HIS,164, ,A,1.904399892153713,HIE,False,,100.0,16.714,,,HIE,47.0,HIS,HIS,1,CG,,163.0,"['H', 'HA', 'HB2', 'HB3', 'CD2', 'ND1', 'CE1', 'NE2', 'HD2', 'HE1', 'HE2']"
164,MET,165, ,A,,MET,,,,,,,MET,,,,,,,164.0,"['H', 'HA', 'HB2', 'HB3', 'HG2', 'HG3', 'HE1', 'HE2', 'HE3']"
165,GLU,166, ,A,3.887055298714336,GLU,,,5.714285714285714,18.078,,,GLU,48.0,GLU,COO,-1,CD,,165.0,"['H', 'HA', 'HB2', 'HB3', 'HG2', 'HG3']"
166,LEU,167, ,A,,LEU,,,,,,,LEU,,,,,,,166.0,"['H', 'HA', 'HB2', 'HB3', 'HG', 'HD11', 'HD12', 'HD13', 'HD21', 'HD22', 'HD23']"
167,PRO,168, ,A,,PRO,,,,,,,PRO,,,,,,,167.0,"['HA', 'HB2', 'HB3', 'HG2', 'HG3', 'HD2', 'HD3']"
168,THR,169, ,A,,THR,,,,,,,THR,,,,,,,168.0,"['H', 'HA', 'HB', 'HG21', 'HG22', 'HG23', 'HG1']"
169,GLY,170, ,A,,GLY,,,,,,,GLY,,,,,,,169.0,"['H', 'HA2', 'HA3']"
170,VAL,171, ,A,,VAL,,,,,,,VAL,,,,,,,170.0,"['H', 'HA', 'HB', 'HG11', 'HG12', 'HG13', 'HG21', 'HG22', 'HG23']"
171,HIS,172, ,A,5.525929097415661,HID,True,,57.14285714285714,13.413,,,HID,49.0,HIS,HIS,1,CG,,171.0,"['H', 'HA', 'HB2', 'HB3', 'HD1', 'HD2', 'HE1']"
172,ALA,173, ,A,,ALA,,,,,,,ALA,,,,,,,172.0,"['H', 'HA', 'HB1', 'HB2', 'HB3']"
173,GLY,174, ,A,,GLY,,,,,,,GLY,,,,,,,173.0,"['H', 'HA2', 'HA3']"
174,THR,175, ,A,,THR,,,,,,,THR,,,,,,,174.0,"['H', 'HA', 'HB', 'HG21', 'HG22', 'HG23', 'HG1']"
175,ASP,176, ,A,3.7708355082203275,ASP,,,55.00000000000001,9.066,,,ASP,50.0,ASP,COO,-1,CG,,175.0,"['H', 'HA', 'HB2', 'HB3']"
176,LEU,177, ,A,,LEU,,,,,,,LEU,,,,,,,176.0,"['H', 'HA', 'HB2', 'HB3', 'HG', 'HD11', 'HD12', 'HD13', 'HD21', 'HD22', 'HD23']"
177,GLU,178, ,A,4.916519782205414,GLU,,,0.0,8.006,,,GLU,51.0,GLU,COO,-1,CD,,177.0,"['H', 'HA', 'HB2', 'HB3', 'HG2', 'HG3']"
178,GLY,179, ,A,,GLY,,,,,,,GLY,,,,,,,178.0,"['H', 'HA2', 'HA3']"
179,ASN,180, ,A,,ASN,True,,,,,,ASN,,,,,,,179.0,"['H', 'HA', 'HB2', 'HB3', 'HD21', 'HD22']"
180,PHE,181, ,A,,PHE,,,,,,,PHE,,,,,,,180.0,"['H', 'HA', 'HB2', 'HB3', 'HD1', 'HD2', 'HE1', 'HE2', 'HZ']"
181,TYR,182, ,A,13.718614895700316,TYR,,,78.92857142857143,6.132,,,TYR,52.0,TYR,TYR,-1,OH,,181.0,"['H', 'HA', 'HB2', 'HB3', 'HD1', 'HD2', 'HE1', 'HE2', 'HH']"
182,GLY,183, ,A,,GLY,,,,,,,GLY,,,,,,,182.0,"['H', 'HA2', 'HA3']"
183,PRO,184, ,A,,PRO,,,,,,,PRO,,,,,,,183.0,"['HA', 'HB2', 'HB3', 'HG2', 'HG3', 'HD2', 'HD3']"
184,PHE,185, ,A,,PHE,,,,,,,PHE,,,,,,,184.0,"['H', 'HA', 'HB2', 'HB3', 'HD1', 'HD2', 'HE1', 'HE2', 'HZ']"
185,VAL,186, ,A,,VAL,,,,,,,VAL,,,,,,,185.0,"['H', 'HA', 'HB', 'HG11', 'HG12', 'HG13', 'HG21', 'HG22', 'HG23']"
186,ASP,187, ,A,3.848513897007268,ASP,,,72.14285714285714,21.42,,,ASP,53.0,ASP,COO,-1,CG,,186.0,"['H', 'HA', 'HB2', 'HB3']"
187,ARG,188, ,A,12.156559257261524,ARG,,,0.0,29.33,,,ARG,54.0,ARG,ARG,1,CZ,,187.0,"['H', 'HA', 'HB2', 'HB3', 'HG2', 'HG3', 'HD2', 'HD3', 'HE', 'HH11', 'HH12', 'HH21', 'HH22']"
188,GLN,189, ,A,,GLN,,,,,,,GLN,,,,,,,188.0,"['H', 'HA', 'HB2', 'HB3', 'HG2', 'HG3', 'NE2', 'OE1', 'HE21', 'HE22']"
189,THR,190, ,A,,THR,,,,,,,THR,,,,,,,189.0,"['H', 'HA', 'HB', 'HG21', 'HG22', 'HG23', 'HG1']"
190,ALA,191, ,A,,ALA,,,,,,,ALA,,,,,,,190.0,"['H', 'HA', 'HB1', 'HB2', 'HB3']"
191,GLN,192, ,A,,GLN,False,,,,,,GLN,,,,,,,191.0,"['H', 'HA', 'HB2', 'HB3', 'HG2', 'HG3', 'NE2', 'OE1', 'HE21', 'HE22']"
192,ALA,193, ,A,,ALA,,,,,,,ALA,,,,,,,192.0,"['H', 'HA', 'HB1', 'HB2', 'HB3']"
193,ALA,194, ,A,,ALA,,,,,,,ALA,,,,,,,193.0,"['H', 'HA', 'HB1', 'HB2', 'HB3']"
194,GLY,195, ,A,,GLY,,,,,,,GLY,,,,,,,194.0,"['H', 'HA2', 'HA3']"
195,THR,196, ,A,,THR,,,,,,,THR,,,,,,,195.0,"['H', 'HA', 'HB', 'HG21', 'HG22', 'HG23', 'HG1']"
196,ASP,197, ,A,2.7421933500374185,ASP,,,46.785714285714285,7.591,,,ASP,55.0,ASP,COO,-1,CG,,196.0,"['H', 'HA', 'HB2', 'HB3']"
197,THR,198, ,A,,THR,,,,,,,THR,,,,,,,197.0,"['H', 'HA', 'HB', 'HG21', 'HG22', 'HG23', 'HG1']"
198,THR,199, ,A,,THR,,,,,,,THR,,,,,,,198.0,"['H', 'HA', 'HB', 'HG21', 'HG22', 'HG23', 'HG1']"
199,ILE,200, ,A,,ILE,,,,,,,ILE,,,,,,,199.0,"['H', 'HA', 'HB', 'HG12', 'HG13', 'HG21', 'HG22', 'HG23', 'HD11', 'HD12', 'HD13']"
200,THR,201, ,A,,THR,,,,,,,THR,,,,,,,200.0,"['H', 'HA', 'HB', 'HG21', 'HG22', 'HG23', 'HG1']"
201,VAL,202, ,A,,VAL,,,,,,,VAL,,,,,,,201.0,"['H', 'HA', 'HB', 'HG11', 'HG12', 'HG13', 'HG21', 'HG22', 'HG23']"
202,ASN,203, ,A,,ASN,False,,,,,,ASN,,,,,,,202.0,"['H', 'HA', 'HB2', 'HB3', 'ND2', 'OD1', 'HD21', 'HD22']"
203,VAL,204, ,A,,VAL,,,,,,,VAL,,,,,,,203.0,"['H', 'HA', 'HB', 'HG11', 'HG12', 'HG13', 'HG21', 'HG22', 'HG23']"
204,LEU,205, ,A,,LEU,,,,,,,LEU,,,,,,,204.0,"['H', 'HA', 'HB2', 'HB3', 'HG', 'HD11', 'HD12', 'HD13', 'HD21', 'HD22', 'HD23']"
205,ALA,206, ,A,,ALA,,,,,,,ALA,,,,,,,205.0,"['H', 'HA', 'HB1', 'HB2', 'HB3']"
206,TRP,207, ,A,,TRP,,,,,,,TRP,,,,,,,206.0,"['H', 'HA', 'HB2', 'HB3', 'HD1', 'HE1', 'HE3', 'HZ2', 'HZ3', 'HH2']"
207,LEU,208, ,A,,LEU,,,,,,,LEU,,,,,,,207.0,"['H', 'HA', 'HB2', 'HB3', 'HG', 'HD11', 'HD12', 'HD13', 'HD21', 'HD22', 'HD23']"
208,TYR,209, ,A,12.743140711810343,TYR,,,67.14285714285714,-16.222,,,TYR,56.0,TYR,TYR,-1,OH,,208.0,"['H', 'HA', 'HB2', 'HB3', 'HD1', 'HD2', 'HE1', 'HE2', 'HH']"
209,ALA,210, ,A,,ALA,,,,,,,ALA,,,,,,,209.0,"['H', 'HA', 'HB1', 'HB2', 'HB3']"
210,ALA,211, ,A,,ALA,,,,,,,ALA,,,,,,,210.0,"['H', 'HA', 'HB1', 'HB2', 'HB3']"
211,VAL,212, ,A,,VAL,,,,,,,VAL,,,,,,,211.0,"['H', 'HA', 'HB', 'HG11', 'HG12', 'HG13', 'HG21', 'HG22', 'HG23']"
212,ILE,213, ,A,,ILE,,,,,,,ILE,,,,,,,212.0,"['H', 'HA', 'HB', 'HG12', 'HG13', 'HG21', 'HG22', 'HG23', 'HD11', 'HD12', 'HD13']"
213,ASN,214, ,A,,ASN,False,,,,,,ASN,,,,,,,213.0,"['H', 'HA', 'HB2', 'HB3', 'ND2', 'OD1', 'HD21', 'HD22']"
214,GLY,215, ,A,,GLY,,,,,,,GLY,,,,,,,214.0,"['H', 'HA2', 'HA3']"
215,ASP,216, ,A,3.5718315362773483,ASP,,,7.857142857142857,-12.913,,,ASP,57.0,ASP,COO,-1,CG,,215.0,"['H', 'HA', 'HB2', 'HB3']"
216,ARG,217, ,A,12.213235573392968,ARG,,,0.0,-20.975,,,ARG,58.0,ARG,ARG,1,CZ,,216.0,"['H', 'HA', 'HB2', 'HB3', 'HG2', 'HG3', 'HD2', 'HD3', 'HE', 'HH11', 'HH12', 'HH21', 'HH22']"
217,TRP,218, ,A,,TRP,,,,,,,TRP,,,,,,,217.0,"['H', 'HA', 'HB2', 'HB3', 'HD1', 'HE1', 'HE3', 'HZ2', 'HZ3', 'HH2']"
218,PHE,219, ,A,,PHE,,,,,,,PHE,,,,,,,218.0,"['H', 'HA', 'HB2', 'HB3', 'HD1', 'HD2', 'HE1', 'HE2', 'HZ']"
219,LEU,220, ,A,,LEU,,,,,,,LEU,,,,,,,219.0,"['H', 'HA', 'HB2', 'HB3', 'HG', 'HD11', 'HD12', 'HD13', 'HD21', 'HD22', 'HD23']"
220,ASN,221, ,A,,ASN,False,,,,,,ASN,,,,,,,220.0,"['H', 'HA', 'HB2', 'HB3', 'ND2', 'OD1', 'HD21', 'HD22']"
221,ARG,222, ,A,12.451271643059709,ARG,,,0.0,-23.16,,,ARG,59.0,ARG,ARG,1,CZ,,221.0,"['H', 'HA', 'HB2', 'HB3', 'HG2', 'HG3', 'HD2', 'HD3', 'HE', 'HH11', 'HH12', 'HH21', 'HH22']"
222,PHE,223, ,A,,PHE,,,,,,,PHE,,,,,,,222.0,"['H', 'HA', 'HB2', 'HB3', 'HD1', 'HD2', 'HE1', 'HE2', 'HZ']"
223,THR,224, ,A,,THR,,,,,,,THR,,,,,,,223.0,"['H', 'HA', 'HB', 'HG21', 'HG22', 'HG23', 'HG1']"
224,THR,225, ,A,,THR,,,,,,,THR,,,,,,,224.0,"['H', 'HA', 'HB', 'HG21', 'HG22', 'HG23', 'HG1']"
225,THR,226, ,A,,THR,,,,,,,THR,,,,,,,225.0,"['H', 'HA', 'HB', 'HG21', 'HG22', 'HG23', 'HG1']"
226,LEU,227, ,A,,LEU,,,,,,,LEU,,,,,,,226.0,"['H', 'HA', 'HB2', 'HB3', 'HG', 'HD11', 'HD12', 'HD13', 'HD21', 'HD22', 'HD23']"
227,ASN,228, ,A,,ASN,True,,,,,,ASN,,,,,,,227.0,"['H', 'HA', 'HB2', 'HB3', 'HD21', 'HD22']"
228,ASP,229, ,A,2.139719303826306,ASP,,,0.0,-9.756,,,ASP,60.0,ASP,COO,-1,CG,,228.0,"['H', 'HA', 'HB2', 'HB3']"
229,PHE,230, ,A,,PHE,,,,,,,PHE,,,,,,,229.0,"['H', 'HA', 'HB2', 'HB3', 'HD1', 'HD2', 'HE1', 'HE2', 'HZ']"
230,ASN,231, ,A,,ASN,False,,,,,,ASN,,,,,,,230.0,"['H', 'HA', 'HB2', 'HB3', 'ND2', 'OD1', 'HD21', 'HD22']"
231,LEU,232, ,A,,LEU,,,,,,,LEU,,,,,,,231.0,"['H', 'HA', 'HB2', 'HB3', 'HG', 'HD11', 'HD12', 'HD13', 'HD21', 'HD22', 'HD23']"
232,VAL,233, ,A,,VAL,,,,,,,VAL,,,,,,,232.0,"['H', 'HA', 'HB', 'HG11', 'HG12', 'HG13', 'HG21', 'HG22', 'HG23']"
233,ALA,234, ,A,,ALA,,,,,,,ALA,,,,,,,233.0,"['H', 'HA', 'HB1', 'HB2', 'HB3']"
234,MET,235, ,A,,MET,,,,,,,MET,,,,,,,234.0,"['H', 'HA', 'HB2', 'HB3', 'HG2', 'HG3', 'HE1', 'HE2', 'HE3']"
235,LYS,236, ,A,10.7434627384809,LYS,,,0.0,0.822,,,LYS,61.0,LYS,LYS,1,NZ,,235.0,"['H', 'HA', 'HB2', 'HB3', 'HG2', 'HG3', 'HD2', 'HD3', 'HE2', 'HE3', 'HZ1', 'HZ2', 'HZ3']"
236,TYR,237, ,A,10.017905149902342,TYR,,,0.0,-1.413,,,TYR,62.0,TYR,TYR,-1,OH,,236.0,"['H', 'HA', 'HB2', 'HB3', 'HD1', 'HD2', 'HE1', 'HE2', 'HH']"
237,ASN,238, ,A,,ASN,True,,,,,,ASN,,,,,,,237.0,"['H', 'HA', 'HB2', 'HB3', 'HD21', 'HD22']"
238,TYR,239, ,A,13.038151510771325,TYR,,,79.64285714285714,-2.377,,,TYR,63.0,TYR,TYR,-1,OH,,238.0,"['H', 'HA', 'HB2', 'HB3', 'HD1', 'HD2', 'HE1', 'HE2', 'HH']"
239,GLU,240, ,A,4.49973289587263,GLU,,,31.785714285714285,2.188,,,GLU,64.0,GLU,COO,-1,CD,,239.0,"['H', 'HA', 'HB2', 'HB3', 'HG2', 'HG3']"
240,PRO,241, ,A,,PRO,,,,,,,PRO,,,,,,,240.0,"['HA', 'HB2', 'HB3', 'HG2', 'HG3', 'HD2', 'HD3']"
241,LEU,242, ,A,,LEU,,,,,,,LEU,,,,,,,241.0,"['H', 'HA', 'HB2', 'HB3', 'HG', 'HD11', 'HD12', 'HD13', 'HD21', 'HD22', 'HD23']"
242,THR,243, ,A,,THR,,,,,,,THR,,,,,,,242.0,"['H', 'HA', 'HB', 'HG21', 'HG22', 'HG23', 'HG1']"
243,GLN,244, ,A,,GLN,False,,,,,,GLN,,,,,,,243.0,"['H', 'HA', 'HB2', 'HB3', 'HG2', 'HG3', 'NE2', 'OE1', 'HE21', 'HE22']"
244,ASP,245, ,A,4.034806468205276,ASP,,,0.0,-8.236,,,ASP,65.0,ASP,COO,-1,CG,,244.0,"['H', 'HA', 'HB2', 'HB3']"
245,HIS,246, ,A,5.295017305341086,HIE,False,,50.357142857142854,-6.691,,,HIE,66.0,HIS,HIS,1,CG,,245.0,"['H', 'HA', 'HB2', 'HB3', 'CD2', 'ND1', 'CE1', 'NE2', 'HD2', 'HE1', 'HE2']"
246,VAL,247, ,A,,VAL,,,,,,,VAL,,,,,,,246.0,"['H', 'HA', 'HB', 'HG11', 'HG12', 'HG13', 'HG21', 'HG22', 'HG23']"
247,ASP,248, ,A,3.3231882788894223,ASP,,,0.0,-13.933,,,ASP,67.0,ASP,COO,-1,CG,,247.0,"['H', 'HA', 'HB2', 'HB3']"
248,ILE,249, ,A,,ILE,,,,,,,ILE,,,,,,,248.0,"['H', 'HA', 'HB', 'HG12', 'HG13', 'HG21', 'HG22', 'HG23', 'HD11', 'HD12', 'HD13']"
249,LEU,250, ,A,,LEU,,,,,,,LEU,,,,,,,249.0,"['H', 'HA', 'HB2', 'HB3', 'HG', 'HD11', 'HD12', 'HD13', 'HD21', 'HD22', 'HD23']"
250,GLY,251, ,A,,GLY,,,,,,,GLY,,,,,,,250.0,"['H', 'HA2', 'HA3']"
251,PRO,252, ,A,,PRO,,,,,,,PRO,,,,,,,251.0,"['HA', 'HB2', 'HB3', 'HG2', 'HG3', 'HD2', 'HD3']"
252,LEU,253, ,A,,LEU,,,,,,,LEU,,,,,,,252.0,"['H', 'HA', 'HB2', 'HB3', 'HG', 'HD11', 'HD12', 'HD13', 'HD21', 'HD22', 'HD23']"
253,SER,254, ,A,,SER,,,,,,,SER,,,,,,,253.0,"['H', 'HA', 'HB2', 'HB3', 'HG']"
254,ALA,255, ,A,,ALA,,,,,,,ALA,,,,,,,254.0,"['H', 'HA', 'HB1', 'HB2', 'HB3']"
255,GLN,256, ,A,,GLN,,,,,,,GLN,,,,,,,255.0,"['H', 'HA', 'HB2', 'HB3', 'HG2', 'HG3', 'NE2', 'OE1', 'HE21', 'HE22']"
256,THR,257, ,A,,THR,,,,,,,THR,,,,,,,256.0,"['H', 'HA', 'HB', 'HG21', 'HG22', 'HG23', 'HG1']"
257,GLY,258, ,A,,GLY,,,,,,,GLY,,,,,,,257.0,"['H', 'HA2', 'HA3']"
258,ILE,259, ,A,,ILE,,,,,,,ILE,,,,,,,258.0,"['H', 'HA', 'HB', 'HG12', 'HG13', 'HG21', 'HG22', 'HG23', 'HD11', 'HD12', 'HD13']"
259,ALA,260, ,A,,ALA,,,,,,,ALA,,,,,,,259.0,"['H', 'HA', 'HB1', 'HB2', 'HB3']"
260,VAL,261, ,A,,VAL,,,,,,,VAL,,,,,,,260.0,"['H', 'HA', 'HB', 'HG11', 'HG12', 'HG13', 'HG21', 'HG22', 'HG23']"
261,LEU,262, ,A,,LEU,,,,,,,LEU,,,,,,,261.0,"['H', 'HA', 'HB2', 'HB3', 'HG', 'HD11', 'HD12', 'HD13', 'HD21', 'HD22', 'HD23']"
262,ASP,263, ,A,3.4286358403848056,ASP,,,3.571428571428571,-19.384,,,ASP,68.0,ASP,COO,-1,CG,,262.0,"['H', 'HA', 'HB2', 'HB3']"
263,MET,264, ,A,,MET,,,,,,,MET,,,,,,,263.0,"['H', 'HA', 'HB2', 'HB3', 'HG2', 'HG3', 'HE1', 'HE2', 'HE3']"
264,CYS,265, ,A,12.24425833087003,CYS,,,85.71428571428571,-11.211,,,CYS,69.0,CYS,CYS,-1,SG,,264.0,"['H', 'HA', 'HB2', 'HB3', 'HG']"
265,ALA,266, ,A,,ALA,,,,,,,ALA,,,,,,,265.0,"['H', 'HA', 'HB1', 'HB2', 'HB3']"
266,SER,267, ,A,,SER,,,,,,,SER,,,,,,,266.0,"['H', 'HA', 'HB2', 'HB3', 'HG']"
267,LEU,268, ,A,,LEU,,,,,,,LEU,,,,,,,267.0,"['H', 'HA', 'HB2', 'HB3', 'HG', 'HD11', 'HD12', 'HD13', 'HD21', 'HD22', 'HD23']"
268,LYS,269, ,A,11.454060041539122,LYS,,,1.7857142857142856,-10.394,,,LYS,70.0,LYS,LYS,1,NZ,,268.0,"['H', 'HA', 'HB2', 'HB3', 'HG2', 'HG3', 'HD2', 'HD3', 'HE2', 'HE3', 'HZ1', 'HZ2', 'HZ3']"
269,GLU,270, ,A,4.888905801606977,GLU,,,5.357142857142857,-11.22,,,GLU,71.0,GLU,COO,-1,CD,,269.0,"['H', 'HA', 'HB2', 'HB3', 'HG2', 'HG3']"
270,LEU,271, ,A,,LEU,,,,,,,LEU,,,,,,,270.0,"['H', 'HA', 'HB2', 'HB3', 'HG', 'HD11', 'HD12', 'HD13', 'HD21', 'HD22', 'HD23']"
271,LEU,272, ,A,,LEU,,,,,,,LEU,,,,,,,271.0,"['H', 'HA', 'HB2', 'HB3', 'HG', 'HD11', 'HD12', 'HD13', 'HD21', 'HD22', 'HD23']"
272,GLN,273, ,A,,GLN,True,,,,,,GLN,,,,,,,272.0,"['H', 'HA', 'HB2', 'HB3', 'HG2', 'HG3', 'HE21', 'HE22']"
273,ASN,274, ,A,,ASN,True,,,,,,ASN,,,,,,,273.0,"['H', 'HA', 'HB2', 'HB3', 'HD21', 'HD22']"
274,GLY,275, ,A,,GLY,,,,,,,GLY,,,,,,,274.0,"['H', 'HA2', 'HA3']"
275,MET,276, ,A,,MET,,,,,,,MET,,,,,,,275.0,"['H', 'HA', 'HB2', 'HB3', 'HG2', 'HG3', 'HE1', 'HE2', 'HE3']"
276,ASN,277, ,A,,ASN,False,,,,,,ASN,,,,,,,276.0,"['H', 'HA', 'HB2', 'HB3', 'ND2', 'OD1', 'HD21', 'HD22']"
277,GLY,278, ,A,,GLY,,,,,,,GLY,,,,,,,277.0,"['H', 'HA2', 'HA3']"
278,ARG,279, ,A,12.099301715275484,ARG,,,0.0,-10.365,,,ARG,72.0,ARG,ARG,1,CZ,,278.0,"['H', 'HA', 'HB2', 'HB3', 'HG2', 'HG3', 'HD2', 'HD3', 'HE', 'HH11', 'HH12', 'HH21', 'HH22']"
279,THR,280, ,A,,THR,,,,,,,THR,,,,,,,279.0,"['H', 'HA', 'HB', 'HG21', 'HG22', 'HG23', 'HG1']"
280,ILE,281, ,A,,ILE,,,,,,,ILE,,,,,,,280.0,"['H', 'HA', 'HB', 'HG12', 'HG13', 'HG21', 'HG22', 'HG23', 'HD11', 'HD12', 'HD13']"
281,LEU,282, ,A,,LEU,,,,,,,LEU,,,,,,,281.0,"['H', 'HA', 'HB2', 'HB3', 'HG', 'HD11', 'HD12', 'HD13', 'HD21', 'HD22', 'HD23']"
282,GLY,283, ,A,,GLY,,,,,,,GLY,,,,,,,282.0,"['H', 'HA2', 'HA3']"
283,SER,284, ,A,,SER,,,,,,,SER,,,,,,,283.0,"['H', 'HA', 'HB2', 'HB3', 'HG']"
284,ALA,285, ,A,,ALA,,,,,,,ALA,,,,,,,284.0,"['H', 'HA', 'HB1', 'HB2', 'HB3']"
285,LEU,286, ,A,,LEU,,,,,,,LEU,,,,,,,285.0,"['H', 'HA', 'HB2', 'HB3', 'HG', 'HD11', 'HD12', 'HD13', 'HD21', 'HD22', 'HD23']"
286,LEU,287, ,A,,LEU,,,,,,,LEU,,,,,,,286.0,"['H', 'HA', 'HB2', 'HB3', 'HG', 'HD11', 'HD12', 'HD13', 'HD21', 'HD22', 'HD23']"
287,GLU,288, ,A,4.657894141205735,GLU,,,46.42857142857143,-1.857,,,GLU,73.0,GLU,COO,-1,CD,,287.0,"['H', 'HA', 'HB2', 'HB3', 'HG2', 'HG3']"
288,ASP,289, ,A,3.389575814291957,ASP,,,77.85714285714286,0.283,,,ASP,74.0,ASP,COO,-1,CG,,288.0,"['H', 'HA', 'HB2', 'HB3']"
289,GLU,290, ,A,5.977706068546979,GLU,,,86.42857142857143,2.662,,,GLU,75.0,GLU,COO,-1,CD,,289.0,"['H', 'HA', 'HB2', 'HB3', 'HG2', 'HG3']"
290,PHE,291, ,A,,PHE,,,,,,,PHE,,,,,,,290.0,"['H', 'HA', 'HB2', 'HB3', 'HD1', 'HD2', 'HE1', 'HE2', 'HZ']"
291,THR,292, ,A,,THR,,,,,,,THR,,,,,,,291.0,"['H', 'HA', 'HB', 'HG21', 'HG22', 'HG23', 'HG1']"
292,PRO,293, ,A,,PRO,,,,,,,PRO,,,,,,,292.0,"['HA', 'HB2', 'HB3', 'HG2', 'HG3', 'HD2', 'HD3']"
293,PHE,294, ,A,,PHE,,,,,,,PHE,,,,,,,293.0,"['H', 'HA', 'HB2', 'HB3', 'HD1', 'HD2', 'HE1', 'HE2', 'HZ']"
294,ASP,295, ,A,3.7205510741990206,ASP,,,88.92857142857142,-5.719,,,ASP,76.0,ASP,COO,-1,CG,,294.0,"['H', 'HA', 'HB2', 'HB3']"
295,VAL,296, ,A,,VAL,,,,,,,VAL,,,,,,,295.0,"['H', 'HA', 'HB', 'HG11', 'HG12', 'HG13', 'HG21', 'HG22', 'HG23']"
296,VAL,297, ,A,,VAL,,,,,,,VAL,,,,,,,296.0,"['H', 'HA', 'HB', 'HG11', 'HG12', 'HG13', 'HG21', 'HG22', 'HG23']"
297,ARG,298, ,A,12.589082796141087,ARG,,,53.92857142857142,-7.721,,,ARG,77.0,ARG,ARG,1,CZ,,297.0,"['H', 'HA', 'HB2', 'HB3', 'HG2', 'HG3', 'HD2', 'HD3', 'HE', 'HH11', 'HH12', 'HH21', 'HH22']"
298,GLN,299, ,A,,GLN,False,,,,,,GLN,,,,,,,298.0,"['H', 'HA', 'HB2', 'HB3', 'HG2', 'HG3', 'NE2', 'OE1', 'HE21', 'HE22']"
299,CYS,300, ,A,10.270687801522307,CYS,,,42.142857142857146,-14.404,,,CYS,78.0,CYS,CYS,-1,SG,,299.0,"['H', 'HA', 'HB2', 'HB3', 'HG']"
300,SER,301, ,A,,SER,,,,,,,SER,,,,,,,300.0,"['H', 'HA', 'HB2', 'HB3', 'HG']"
301,GLY,302, ,A,,GLY,,,,,,,GLY,,,,,,,301.0,"['H', 'HA2', 'HA3']"
302,VAL,303, ,A,,VAL,,,,,,,VAL,,,,,,,302.0,"['H', 'HA', 'HB', 'HG11', 'HG12', 'HG13', 'HG21', 'HG22', 'HG23']"
303,THR,304, ,A,,THR,,,,,,,THR,,,,,,,303.0,"['OXT', 'H', 'HA', 'HB', 'HG21', 'HG22', 'HG23', 'HG1']"
304,HOH,1, ,W,,WAT,,,,,,,WAT,,,,,,,304.0,"['HW', 'HW']"
305,HOH,2, ,W,,WAT,,,,,,,WAT,,,,,,,305.0,"['HW', 'HW']"
306,HOH,3, ,W,,WAT,,,,,,,WAT,,,,,,,306.0,"['HW', 'HW']"
307,HOH,4, ,W,,WAT,,,,,,,WAT,,,,,,,307.0,"['HW', 'HW']"
308,HOH,5, ,W,,WAT,,,,,,,WAT,,,,,,,308.0,"['HW', 'HW']"
309,HOH,6, ,W,,WAT,,,,,,,WAT,,,,,,,309.0,"['HW', 'HW']"
310,HOH,7, ,W,,WAT,,,,,,,WAT,,,,,,,310.0,"['HW', 'HW']"
311,HOH,8, ,W,,WAT,,,,,,,WAT,,,,,,,311.0,"['HW', 'HW']"
312,HOH,9, ,W,,WAT,,,,,,,WAT,,,,,,,312.0,"['HW', 'HW']"
313,HOH,10, ,W,,WAT,,,,,,,WAT,,,,,,,313.0,"['HW', 'HW']"
314,HOH,11, ,W,,WAT,,,,,,,WAT,,,,,,,314.0,"['HW', 'HW']"
315,HOH,12, ,W,,WAT,,,,,,,WAT,,,,,,,315.0,"['HW', 'HW']"
316,HOH,13, ,W,,WAT,,,,,,,WAT,,,,,,,316.0,"['HW', 'HW']"
317,HOH,14, ,W,,WAT,,,,,,,WAT,,,,,,,317.0,"['HW', 'HW']"
318,HOH,15, ,W,,WAT,,,,,,,WAT,,,,,,,318.0,"['HW', 'HW']"
319,HOH,16, ,W,,WAT,,,,,,,WAT,,,,,,,319.0,"['HW', 'HW']"
320,HOH,17, ,W,,WAT,,,,,,,WAT,,,,,,,320.0,"['HW', 'HW']"
321,HOH,18, ,W,,WAT,,,,,,,WAT,,,,,,,321.0,"['HW', 'HW']"
322,HOH,19, ,W,,WAT,,,,,,,WAT,,,,,,,322.0,"['HW', 'HW']"
323,HOH,20, ,W,,WAT,,,,,,,WAT,,,,,,,323.0,"['HW', 'HW']"
324,HOH,21, ,W,,WAT,,,,,,,WAT,,,,,,,324.0,"['HW', 'HW']"
325,HOH,22, ,W,,WAT,,,,,,,WAT,,,,,,,325.0,"['HW', 'HW']"
326,HOH,23, ,W,,WAT,,,,,,,WAT,,,,,,,326.0,"['HW', 'HW']"
327,HOH,24, ,W,,WAT,,,,,,,WAT,,,,,,,327.0,"['HW', 'HW']"
328,HOH,25, ,W,,WAT,,,,,,,WAT,,,,,,,328.0,"['HW', 'HW']"
329,HOH,26, ,W,,WAT,,,,,,,WAT,,,,,,,329.0,"['HW', 'HW']"
330,HOH,27, ,W,,WAT,,,,,,,WAT,,,,,,,330.0,"['HW', 'HW']"
331,HOH,28, ,W,,WAT,,,,,,,WAT,,,,,,,331.0,"['HW', 'HW']"
332,HOH,29, ,W,,WAT,,,,,,,WAT,,,,,,,332.0,"['HW', 'HW']"
333,HOH,30, ,W,,WAT,,,,,,,WAT,,,,,,,333.0,"['HW', 'HW']"
334,HOH,31, ,W,,WAT,,,,,,,WAT,,,,,,,334.0,"['HW', 'HW']"
335,HOH,32, ,W,,WAT,,,,,,,WAT,,,,,,,335.0,"['HW', 'HW']"
336,HOH,33, ,W,,WAT,,,,,,,WAT,,,,,,,336.0,"['HW', 'HW']"
337,HOH,34, ,W,,WAT,,,,,,,WAT,,,,,,,337.0,"['HW', 'HW']"
338,HOH,35, ,W,,WAT,,,,,,,WAT,,,,,,,338.0,"['HW', 'HW']"
339,HOH,36, ,W,,WAT,,,,,,,WAT,,,,,,,339.0,"['HW', 'HW']"
340,HOH,37, ,W,,WAT,,,,,,,WAT,,,,,,,340.0,"['HW', 'HW']"
341,HOH,38, ,W,,WAT,,,,,,,WAT,,,,,,,341.0,"['HW', 'HW']"
342,HOH,39, ,W,,WAT,,,,,,,WAT,,,,,,,342.0,"['HW', 'HW']"
343,HOH,40, ,W,,WAT,,,,,,,WAT,,,,,,,343.0,"['HW', 'HW']"
344,HOH,41, ,W,,WAT,,,,,,,WAT,,,,,,,344.0,"['HW', 'HW']"
345,HOH,42, ,W,,WAT,,,,,,,WAT,,,,,,,345.0,"['HW', 'HW']"
346,HOH,43, ,W,,WAT,,,,,,,WAT,,,,,,,346.0,"['HW', 'HW']"
347,HOH,44, ,W,,WAT,,,,,,,WAT,,,,,,,347.0,"['HW', 'HW']"
348,HOH,45, ,W,,WAT,,,,,,,WAT,,,,,,,348.0,"['HW', 'HW']"
349,HOH,46, ,W,,WAT,,,,,,,WAT,,,,,,,349.0,"['HW', 'HW']"
350,HOH,47, ,W,,WAT,,,,,,,WAT,,,,,,,350.0,"['HW', 'HW']"
351,HOH,48, ,W,,WAT,,,,,,,WAT,,,,,,,351.0,"['HW', 'HW']"
352,HOH,49, ,W,,WAT,,,,,,,WAT,,,,,,,352.0,"['HW', 'HW']"
353,HOH,50, ,W,,WAT,,,,,,,WAT,,,,,,,353.0,"['HW', 'HW']"
354,HOH,51, ,W,,WAT,,,,,,,WAT,,,,,,,354.0,"['HW', 'HW']"
355,HOH,52, ,W,,WAT,,,,,,,WAT,,,,,,,355.0,"['HW', 'HW']"
356,HOH,53, ,W,,WAT,,,,,,,WAT,,,,,,,356.0,"['HW', 'HW']"
357,HOH,54, ,W,,WAT,,,,,,,WAT,,,,,,,357.0,"['HW', 'HW']"
358,HOH,55, ,W,,WAT,,,,,,,WAT,,,,,,,358.0,"['HW', 'HW']"
359,HOH,56, ,W,,WAT,,,,,,,WAT,,,,,,,359.0,"['HW', 'HW']"
360,HOH,57, ,W,,WAT,,,,,,,WAT,,,,,,,360.0,"['HW', 'HW']"
361,HOH,58, ,W,,WAT,,,,,,,WAT,,,,,,,361.0,"['HW', 'HW']"
362,HOH,59, ,W,,WAT,,,,,,,WAT,,,,,,,362.0,"['HW', 'HW']"
363,HOH,60, ,W,,WAT,,,,,,,WAT,,,,,,,363.0,"['HW', 'HW']"
364,HOH,61, ,W,,WAT,,,,,,,WAT,,,,,,,364.0,"['HW', 'HW']"
365,HOH,62, ,W,,WAT,,,,,,,WAT,,,,,,,365.0,"['HW', 'HW']"
366,HOH,63, ,W,,WAT,,,,,,,WAT,,,,,,,366.0,"['HW', 'HW']"
367,HOH,64, ,W,,WAT,,,,,,,WAT,,,,,,,367.0,"['HW', 'HW']"
368,HOH,65, ,W,,WAT,,,,,,,WAT,,,,,,,368.0,"['HW', 'HW']"
369,HOH,66, ,W,,WAT,,,,,,,WAT,,,,,,,369.0,"['HW', 'HW']"
370,HOH,67, ,W,,WAT,,,,,,,WAT,,,,,,,370.0,"['HW', 'HW']"
371,HOH,68, ,W,,WAT,,,,,,,WAT,,,,,,,371.0,"['HW', 'HW']"
372,HOH,69, ,W,,WAT,,,,,,,WAT,,,,,,,372.0,"['HW', 'HW']"
373,HOH,70, ,W,,WAT,,,,,,,WAT,,,,,,,373.0,"['HW', 'HW']"
374,HOH,71, ,W,,WAT,,,,,,,WAT,,,,,,,374.0,"['HW', 'HW']"
375,HOH,72, ,W,,WAT,,,,,,,WAT,,,,,,,375.0,"['HW', 'HW']"
376,HOH,73, ,W,,WAT,,,,,,,WAT,,,,,,,376.0,"['HW', 'HW']"
377,HOH,74, ,W,,WAT,,,,,,,WAT,,,,,,,377.0,"['HW', 'HW']"
378,HOH,75, ,W,,WAT,,,,,,,WAT,,,,,,,378.0,"['HW', 'HW']"
379,HOH,76, ,W,,WAT,,,,,,,WAT,,,,,,,379.0,"['HW', 'HW']"
380,HOH,77, ,W,,WAT,,,,,,,WAT,,,,,,,380.0,"['HW', 'HW']"
381,HOH,78, ,W,,WAT,,,,,,,WAT,,,,,,,381.0,"['HW', 'HW']"
382,HOH,79, ,W,,WAT,,,,,,,WAT,,,,,,,382.0,"['HW', 'HW']"
383,HOH,80, ,W,,WAT,,,,,,,WAT,,,,,,,383.0,"['HW', 'HW']"
384,HOH,81, ,W,,WAT,,,,,,,WAT,,,,,,,384.0,"['HW', 'HW']"
385,HOH,82, ,W,,WAT,,,,,,,WAT,,,,,,,385.0,"['HW', 'HW']"
386,HOH,83, ,W,,WAT,,,,,,,WAT,,,,,,,386.0,"['HW', 'HW']"
387,HOH,84, ,W,,WAT,,,,,,,WAT,,,,,,,387.0,"['HW', 'HW']"
388,HOH,85, ,W,,WAT,,,,,,,WAT,,,,,,,388.0,"['HW', 'HW']"
389,HOH,86, ,W,,WAT,,,,,,,WAT,,,,,,,389.0,"['HW', 'HW']"
390,HOH,87, ,W,,WAT,,,,,,,WAT,,,,,,,390.0,"['HW', 'HW']"
391,HOH,88, ,W,,WAT,,,,,,,WAT,,,,,,,391.0,"['HW', 'HW']"
392,HOH,89, ,W,,WAT,,,,,,,WAT,,,,,,,392.0,"['HW', 'HW']"
393,HOH,90, ,W,,WAT,,,,,,,WAT,,,,,,,393.0,"['HW', 'HW']"
394,HOH,91, ,W,,WAT,,,,,,,WAT,,,,,,,394.0,"['HW', 'HW']"
395,HOH,92, ,W,,WAT,,,,,,,WAT,,,,,,,395.0,"['HW', 'HW']"
396,HOH,93, ,W,,WAT,,,,,,,WAT,,,,,,,396.0,"['HW', 'HW']"
397,HOH,94, ,W,,WAT,,,,,,,WAT,,,,,,,397.0,"['HW', 'HW']"
398,HOH,95, ,W,,WAT,,,,,,,WAT,,,,,,,398.0,"['HW', 'HW']"
399,HOH,96, ,W,,WAT,,,,,,,WAT,,,,,,,399.0,"['HW', 'HW']"
400,HOH,97, ,W,,WAT,,,,,,,WAT,,,,,,,400.0,"['HW', 'HW']"
401,HOH,98, ,W,,WAT,,,,,,,WAT,,,,,,,401.0,"['HW', 'HW']"
402,HOH,99, ,W,,WAT,,,,,,,WAT,,,,,,,402.0,"['HW', 'HW']"
403,HOH,100, ,W,,WAT,,,,,,,WAT,,,,,,,403.0,"['HW', 'HW']"
404,HOH,101, ,W,,WAT,,,,,,,WAT,,,,,,,404.0,"['HW', 'HW']"
405,HOH,102, ,W,,WAT,,,,,,,WAT,,,,,,,405.0,"['HW', 'HW']"
406,HOH,103, ,W,,WAT,,,,,,,WAT,,,,,,,406.0,"['HW', 'HW']"
407,HOH,104, ,W,,WAT,,,,,,,WAT,,,,,,,407.0,"['HW', 'HW']"
408,HOH,105, ,W,,WAT,,,,,,,WAT,,,,,,,408.0,"['HW', 'HW']"
409,HOH,106, ,W,,WAT,,,,,,,WAT,,,,,,,409.0,"['HW', 'HW']"
410,HOH,107, ,W,,WAT,,,,,,,WAT,,,,,,,410.0,"['HW', 'HW']"
411,HOH,108, ,W,,WAT,,,,,,,WAT,,,,,,,411.0,"['HW', 'HW']"
412,HOH,109, ,W,,WAT,,,,,,,WAT,,,,,,,412.0,"['HW', 'HW']"
413,HOH,110, ,W,,WAT,,,,,,,WAT,,,,,,,413.0,"['HW', 'HW']"
414,HOH,111, ,W,,WAT,,,,,,,WAT,,,,,,,414.0,"['HW', 'HW']"
415,HOH,112, ,W,,WAT,,,,,,,WAT,,,,,,,415.0,"['HW', 'HW']"
416,HOH,113, ,W,,WAT,,,,,,,WAT,,,,,,,416.0,"['HW', 'HW']"
417,HOH,114, ,W,,WAT,,,,,,,WAT,,,,,,,417.0,"['HW', 'HW']"
418,HOH,115, ,W,,WAT,,,,,,,WAT,,,,,,,418.0,"['HW', 'HW']"
419,HOH,116, ,W,,WAT,,,,,,,WAT,,,,,,,419.0,"['HW', 'HW']"
420,HOH,117, ,W,,WAT,,,,,,,WAT,,,,,,,420.0,"['HW', 'HW']"
421,HOH,118, ,W,,WAT,,,,,,,WAT,,,,,,,421.0,"['HW', 'HW']"
422,HOH,119, ,W,,WAT,,,,,,,WAT,,,,,,,422.0,"['HW', 'HW']"
423,HOH,120, ,W,,WAT,,,,,,,WAT,,,,,,,423.0,"['HW', 'HW']"
424,HOH,121, ,W,,WAT,,,,,,,WAT,,,,,,,424.0,"['HW', 'HW']"
425,HOH,122, ,W,,WAT,,,,,,,WAT,,,,,,,425.0,"['HW', 'HW']"
426,HOH,123, ,W,,WAT,,,,,,,WAT,,,,,,,426.0,"['HW', 'HW']"
427,HOH,124, ,W,,WAT,,,,,,,WAT,,,,,,,427.0,"['HW', 'HW']"
428,HOH,125, ,W,,WAT,,,,,,,WAT,,,,,,,428.0,"['HW', 'HW']"
429,HOH,126, ,W,,WAT,,,,,,,WAT,,,,,,,429.0,"['HW', 'HW']"
430,HOH,127, ,W,,WAT,,,,,,,WAT,,,,,,,430.0,"['HW', 'HW']"
431,HOH,128, ,W,,WAT,,,,,,,WAT,,,,,,,431.0,"['HW', 'HW']"
432,HOH,129, ,W,,WAT,,,,,,,WAT,,,,,,,432.0,"['HW', 'HW']"
433,HOH,130, ,W,,WAT,,,,,,,WAT,,,,,,,433.0,"['HW', 'HW']"
434,HOH,131, ,W,,WAT,,,,,,,WAT,,,,,,,434.0,"['HW', 'HW']"
435,HOH,132, ,W,,WAT,,,,,,,WAT,,,,,,,435.0,"['HW', 'HW']"
436,HOH,133, ,W,,WAT,,,,,,,WAT,,,,,,,436.0,"['HW', 'HW']"
437,HOH,134, ,W,,WAT,,,,,,,WAT,,,,,,,437.0,"['HW', 'HW']"
438,HOH,135, ,W,,WAT,,,,,,,WAT,,,,,,,438.0,"['HW', 'HW']"
439,HOH,136, ,W,,WAT,,,,,,,WAT,,,,,,,439.0,"['HW', 'HW']"
440,HOH,137, ,W,,WAT,,,,,,,WAT,,,,,,,440.0,"['HW', 'HW']"
441,HOH,138, ,W,,WAT,,,,,,,WAT,,,,,,,441.0,"['HW', 'HW']"
442,HOH,139, ,W,,WAT,,,,,,,WAT,,,,,,,442.0,"['HW', 'HW']"
443,HOH,140, ,W,,WAT,,,,,,,WAT,,,,,,,443.0,"['HW', 'HW']"
444,HOH,141, ,W,,WAT,,,,,,,WAT,,,,,,,444.0,"['HW', 'HW']"
445,HOH,142, ,W,,WAT,,,,,,,WAT,,,,,,,445.0,"['HW', 'HW']"
446,HOH,143, ,W,,WAT,,,,,,,WAT,,,,,,,446.0,"['HW', 'HW']"
447,HOH,144, ,W,,WAT,,,,,,,WAT,,,,,,,447.0,"['HW', 'HW']"
448,HOH,145, ,W,,WAT,,,,,,,WAT,,,,,,,448.0,"['HW', 'HW']"
449,HOH,146, ,W,,WAT,,,,,,,WAT,,,,,,,449.0,"['HW', 'HW']"
450,HOH,147, ,W,,WAT,,,,,,,WAT,,,,,,,450.0,"['HW', 'HW']"
451,HOH,148, ,W,,WAT,,,,,,,WAT,,,,,,,451.0,"['HW', 'HW']"
452,HOH,149, ,W,,WAT,,,,,,,WAT,,,,,,,452.0,"['HW', 'HW']"
453,HOH,150, ,W,,WAT,,,,,,,WAT,,,,,,,453.0,"['HW', 'HW']"
454,HOH,151, ,W,,WAT,,,,,,,WAT,,,,,,,454.0,"['HW', 'HW']"
455,HOH,152, ,W,,WAT,,,,,,,WAT,,,,,,,455.0,"['HW', 'HW']"
456,HOH,153, ,W,,WAT,,,,,,,WAT,,,,,,,456.0,"['HW', 'HW']"
457,HOH,154, ,W,,WAT,,,,,,,WAT,,,,,,,457.0,"['HW', 'HW']"
458,HOH,155, ,W,,WAT,,,,,,,WAT,,,,,,,458.0,"['HW', 'HW']"
459,HOH,156, ,W,,WAT,,,,,,,WAT,,,,,,,459.0,"['HW', 'HW']"
460,HOH,157, ,W,,WAT,,,,,,,WAT,,,,,,,460.0,"['HW', 'HW']"
461,HOH,158, ,W,,WAT,,,,,,,WAT,,,,,,,461.0,"['HW', 'HW']"
462,HOH,159, ,W,,WAT,,,,,,,WAT,,,,,,,462.0,"['HW', 'HW']"
463,HOH,160, ,W,,WAT,,,,,,,WAT,,,,,,,463.0,"['HW', 'HW']"
464,HOH,161, ,W,,WAT,,,,,,,WAT,,,,,,,464.0,"['HW', 'HW']"
465,HOH,162, ,W,,WAT,,,,,,,WAT,,,,,,,465.0,"['HW', 'HW']"
466,HOH,163, ,W,,WAT,,,,,,,WAT,,,,,,,466.0,"['HW', 'HW']"
467,HOH,164, ,W,,WAT,,,,,,,WAT,,,,,,,467.0,"['HW', 'HW']"
468,HOH,165, ,W,,WAT,,,,,,,WAT,,,,,,,468.0,"['HW', 'HW']"
469,HOH,166, ,W,,WAT,,,,,,,WAT,,,,,,,469.0,"['HW', 'HW']"
470,HOH,167, ,W,,WAT,,,,,,,WAT,,,,,,,470.0,"['HW', 'HW']"
471,HOH,168, ,W,,WAT,,,,,,,WAT,,,,,,,471.0,"['HW', 'HW']"
472,HOH,169, ,W,,WAT,,,,,,,WAT,,,,,,,472.0,"['HW', 'HW']"
473,HOH,170, ,W,,WAT,,,,,,,WAT,,,,,,,473.0,"['HW', 'HW']"
474,HOH,171, ,W,,WAT,,,,,,,WAT,,,,,,,474.0,"['HW', 'HW']"
475,HOH,172, ,W,,WAT,,,,,,,WAT,,,,,,,475.0,"['HW', 'HW']"
476,HOH,173, ,W,,WAT,,,,,,,WAT,,,,,,,476.0,"['HW', 'HW']"
477,HOH,174, ,W,,WAT,,,,,,,WAT,,,,,,,477.0,"['HW', 'HW']"
478,HOH,175, ,W,,WAT,,,,,,,WAT,,,,,,,478.0,"['HW', 'HW']"
479,HOH,176, ,W,,WAT,,,,,,,WAT,,,,,,,479.0,"['HW', 'HW']"
480,HOH,177, ,W,,WAT,,,,,,,WAT,,,,,,,480.0,"['HW', 'HW']"
481,HOH,178, ,W,,WAT,,,,,,,WAT,,,,,,,481.0,"['HW', 'HW']"
482,HOH,179, ,W,,WAT,,,,,,,WAT,,,,,,,482.0,"['HW', 'HW']"
483,HOH,180, ,W,,WAT,,,,,,,WAT,,,,,,,483.0,"['HW', 'HW']"
484,HOH,181, ,W,,WAT,,,,,,,WAT,,,,,,,484.0,"['HW', 'HW']"
485,HOH,182, ,W,,WAT,,,,,,,WAT,,,,,,,485.0,"['HW', 'HW']"
486,HOH,183, ,W,,WAT,,,,,,,WAT,,,,,,,486.0,"['HW', 'HW']"
487,HOH,184, ,W,,WAT,,,,,,,WAT,,,,,,,487.0,"['HW', 'HW']"
488,HOH,185, ,W,,WAT,,,,,,,WAT,,,,,,,488.0,"['HW', 'HW']"
489,HOH,186, ,W,,WAT,,,,,,,WAT,,,,,,,489.0,"['HW', 'HW']"
490,HOH,187, ,W,,WAT,,,,,,,WAT,,,,,,,490.0,"['HW', 'HW']"
491,HOH,188, ,W,,WAT,,,,,,,WAT,,,,,,,491.0,"['HW', 'HW']"
492,HOH,189, ,W,,WAT,,,,,,,WAT,,,,,,,492.0,"['HW', 'HW']"
493,HOH,190, ,W,,WAT,,,,,,,WAT,,,,,,,493.0,"['HW', 'HW']"
494,HOH,191, ,W,,WAT,,,,,,,WAT,,,,,,,494.0,"['HW', 'HW']"
495,HOH,192, ,W,,WAT,,,,,,,WAT,,,,,,,495.0,"['HW', 'HW']"
496,HOH,193, ,W,,WAT,,,,,,,WAT,,,,,,,496.0,"['HW', 'HW']"
497,HOH,194, ,W,,WAT,,,,,,,WAT,,,,,,,497.0,"['HW', 'HW']"
498,HOH,195, ,W,,WAT,,,,,,,WAT,,,,,,,498.0,"['HW', 'HW']"
499,HOH,196, ,W,,WAT,,,,,,,WAT,,,,,,,499.0,"['HW', 'HW']"
500,HOH,197, ,W,,WAT,,,,,,,WAT,,,,,,,500.0,"['HW', 'HW']"
501,HOH,198, ,W,,WAT,,,,,,,WAT,,,,,,,501.0,"['HW', 'HW']"
502,HOH,199, ,W,,WAT,,,,,,,WAT,,,,,,,502.0,"['HW', 'HW']"
503,HOH,200, ,W,,WAT,,,,,,,WAT,,,,,,,503.0,"['HW', 'HW']"
504,HOH,201, ,W,,WAT,,,,,,,WAT,,,,,,,504.0,"['HW', 'HW']"
505,HOH,202, ,W,,WAT,,,,,,,WAT,,,,,,,505.0,"['HW', 'HW']"
506,HOH,203, ,W,,WAT,,,,,,,WAT,,,,,,,506.0,"['HW', 'HW']"
507,HOH,204, ,W,,WAT,,,,,,,WAT,,,,,,,507.0,"['HW', 'HW']"
508,HOH,205, ,W,,WAT,,,,,,,WAT,,,,,,,508.0,"['HW', 'HW']"
509,HOH,206, ,W,,WAT,,,,,,,WAT,,,,,,,509.0,"['HW', 'HW']"
510,HOH,207, ,W,,WAT,,,,,,,WAT,,,,,,,510.0,"['HW', 'HW']"
511,HOH,208, ,W,,WAT,,,,,,,WAT,,,,,,,511.0,"['HW', 'HW']"
512,HOH,209, ,W,,WAT,,,,,,,WAT,,,,,,,512.0,"['HW', 'HW']"
513,HOH,210, ,W,,WAT,,,,,,,WAT,,,,,,,513.0,"['HW', 'HW']"
514,HOH,211, ,W,,WAT,,,,,,,WAT,,,,,,,514.0,"['HW', 'HW']"
515,HOH,212, ,W,,WAT,,,,,,,WAT,,,,,,,515.0,"['HW', 'HW']"
516,HOH,213, ,W,,WAT,,,,,,,WAT,,,,,,,516.0,"['HW', 'HW']"
517,HOH,214, ,W,,WAT,,,,,,,WAT,,,,,,,517.0,"['HW', 'HW']"
518,HOH,215, ,W,,WAT,,,,,,,WAT,,,,,,,518.0,"['HW', 'HW']"
519,HOH,216, ,W,,WAT,,,,,,,WAT,,,,,,,519.0,"['HW', 'HW']"
520,HOH,217, ,W,,WAT,,,,,,,WAT,,,,,,,520.0,"['HW', 'HW']"
521,HOH,218, ,W,,WAT,,,,,,,WAT,,,,,,,521.0,"['HW', 'HW']"
522,HOH,219, ,W,,WAT,,,,,,,WAT,,,,,,,522.0,"['HW', 'HW']"
523,HOH,220, ,W,,WAT,,,,,,,WAT,,,,,,,523.0,"['HW', 'HW']"
524,HOH,221, ,W,,WAT,,,,,,,WAT,,,,,,,524.0,"['HW', 'HW']"
525,HOH,222, ,W,,WAT,,,,,,,WAT,,,,,,,525.0,"['HW', 'HW']"
526,HOH,223, ,W,,WAT,,,,,,,WAT,,,,,,,526.0,"['HW', 'HW']"
527,HOH,224, ,W,,WAT,,,,,,,WAT,,,,,,,527.0,"['HW', 'HW']"
528,HOH,225, ,W,,WAT,,,,,,,WAT,,,,,,,528.0,"['HW', 'HW']"
529,HOH,226, ,W,,WAT,,,,,,,WAT,,,,,,,529.0,"['HW', 'HW']"
530,HOH,227, ,W,,WAT,,,,,,,WAT,,,,,,,530.0,"['HW', 'HW']"
531,HOH,228, ,W,,WAT,,,,,,,WAT,,,,,,,531.0,"['HW', 'HW']"
532,HOH,229, ,W,,WAT,,,,,,,WAT,,,,,,,532.0,"['HW', 'HW']"
533,HOH,230, ,W,,WAT,,,,,,,WAT,,,,,,,533.0,"['HW', 'HW']"
534,HOH,231, ,W,,WAT,,,,,,,WAT,,,,,,,534.0,"['HW', 'HW']"
535,HOH,232, ,W,,WAT,,,,,,,WAT,,,,,,,535.0,"['HW', 'HW']"
536,HOH,233, ,W,,WAT,,,,,,,WAT,,,,,,,536.0,"['HW', 'HW']"
537,HOH,234, ,W,,WAT,,,,,,,WAT,,,,,,,537.0,"['HW', 'HW']"
538,HOH,235, ,W,,WAT,,,,,,,WAT,,,,,,,538.0,"['HW', 'HW']"
539,HOH,236, ,W,,WAT,,,,,,,WAT,,,,,,,539.0,"['HW', 'HW']"
540,HOH,237, ,W,,WAT,,,,,,,WAT,,,,,,,540.0,"['HW', 'HW']"
541,HOH,238, ,W,,WAT,,,,,,,WAT,,,,,,,541.0,"['HW', 'HW']"
542,HOH,239, ,W,,WAT,,,,,,,WAT,,,,,,,542.0,"['HW', 'HW']"
543,HOH,240, ,W,,WAT,,,,,,,WAT,,,,,,,543.0,"['HW', 'HW']"
544,HOH,241, ,W,,WAT,,,,,,,WAT,,,,,,,544.0,"['HW', 'HW']"
545,HOH,242, ,W,,WAT,,,,,,,WAT,,,,,,,545.0,"['HW', 'HW']"
546,HOH,243, ,W,,WAT,,,,,,,WAT,,,,,,,546.0,"['HW', 'HW']"
547,HOH,244, ,W,,WAT,,,,,,,WAT,,,,,,,547.0,"['HW', 'HW']"
548,HOH,245, ,W,,WAT,,,,,,,WAT,,,,,,,548.0,"['HW', 'HW']"
549,HOH,246, ,W,,WAT,,,,,,,WAT,,,,,,,549.0,"['HW', 'HW']"
550,HOH,247, ,W,,WAT,,,,,,,WAT,,,,,,,550.0,"['HW', 'HW']"
551,HOH,248, ,W,,WAT,,,,,,,WAT,,,,,,,551.0,"['HW', 'HW']"
552,HOH,249, ,W,,WAT,,,,,,,WAT,,,,,,,552.0,"['HW', 'HW']"
553,HOH,250, ,W,,WAT,,,,,,,WAT,,,,,,,553.0,"['HW', 'HW']"
554,HOH,251, ,W,,WAT,,,,,,,WAT,,,,,,,554.0,"['HW', 'HW']"
555,HOH,252, ,W,,WAT,,,,,,,WAT,,,,,,,555.0,"['HW', 'HW']"
556,HOH,253, ,W,,WAT,,,,,,,WAT,,,,,,,556.0,"['HW', 'HW']"
557,HOH,254, ,W,,WAT,,,,,,,WAT,,,,,,,557.0,"['HW', 'HW']"
558,HOH,255, ,W,,WAT,,,,,,,WAT,,,,,,,558.0,"['HW', 'HW']"
559,HOH,256, ,W,,WAT,,,,,,,WAT,,,,,,,559.0,"['HW', 'HW']"
560,HOH,257, ,W,,WAT,,,,,,,WAT,,,,,,,560.0,"['HW', 'HW']"
561,HOH,258, ,W,,WAT,,,,,,,WAT,,,,,,,561.0,"['HW', 'HW']"
562,HOH,259, ,W,,WAT,,,,,,,WAT,,,,,,,562.0,"['HW', 'HW']"
563,HOH,260, ,W,,WAT,,,,,,,WAT,,,,,,,563.0,"['HW', 'HW']"
564,HOH,261, ,W,,WAT,,,,,,,WAT,,,,,,,564.0,"['HW', 'HW']"
565,HOH,262, ,W,,WAT,,,,,,,WAT,,,,,,,565.0,"['HW', 'HW']"
566,HOH,263, ,W,,WAT,,,,,,,WAT,,,,,,,566.0,"['HW', 'HW']"
567,HOH,264, ,W,,WAT,,,,,,,WAT,,,,,,,567.0,"['HW', 'HW']"
568,HOH,265, ,W,,WAT,,,,,,,WAT,,,,,,,568.0,"['HW', 'HW']"
569,HOH,266, ,W,,WAT,,,,,,,WAT,,,,,,,569.0,"['HW', 'HW']"
570,HOH,267, ,W,,WAT,,,,,,,WAT,,,,,,,570.0,"['HW', 'HW']"
571,HOH,268, ,W,,WAT,,,,,,,WAT,,,,,,,571.0,"['HW', 'HW']"
572,HOH,269, ,W,,WAT,,,,,,,WAT,,,,,,,572.0,"['HW', 'HW']"
573,HOH,270, ,W,,WAT,,,,,,,WAT,,,,,,,573.0,"['HW', 'HW']"
574,HOH,271, ,W,,WAT,,,,,,,WAT,,,,,,,574.0,"['HW', 'HW']"
575,HOH,272, ,W,,WAT,,,,,,,WAT,,,,,,,575.0,"['HW', 'HW']"
576,HOH,273, ,W,,WAT,,,,,,,WAT,,,,,,,576.0,"['HW', 'HW']"
577,HOH,274, ,W,,WAT,,,,,,,WAT,,,,,,,577.0,"['HW', 'HW']"
578,HOH,275, ,W,,WAT,,,,,,,WAT,,,,,,,578.0,"['HW', 'HW']"
579,HOH,276, ,W,,WAT,,,,,,,WAT,,,,,,,579.0,"['HW', 'HW']"
580,HOH,277, ,W,,WAT,,,,,,,WAT,,,,,,,580.0,"['HW', 'HW']"
581,HOH,278, ,W,,WAT,,,,,,,WAT,,,,,,,581.0,"['HW', 'HW']"
582,HOH,279, ,W,,WAT,,,,,,,WAT,,,,,,,582.0,"['HW', 'HW']"
583,HOH,280, ,W,,WAT,,,,,,,WAT,,,,,,,583.0,"['HW', 'HW']"
584,HOH,281, ,W,,WAT,,,,,,,WAT,,,,,,,584.0,"['HW', 'HW']"
585,HOH,282, ,W,,WAT,,,,,,,WAT,,,,,,,585.0,"['HW', 'HW']"
586,HOH,283, ,W,,WAT,,,,,,,WAT,,,,,,,586.0,"['HW', 'HW']"
587,HOH,284, ,W,,WAT,,,,,,,WAT,,,,,,,587.0,"['HW', 'HW']"
588,HOH,285, ,W,,WAT,,,,,,,WAT,,,,,,,588.0,"['HW', 'HW']"
589,HOH,286, ,W,,WAT,,,,,,,WAT,,,,,,,589.0,"['HW', 'HW']"
590,HOH,287, ,W,,WAT,,,,,,,WAT,,,,,,,590.0,"['HW', 'HW']"
591,HOH,288, ,W,,WAT,,,,,,,WAT,,,,,,,591.0,"['HW', 'HW']"
592,HOH,289, ,W,,WAT,,,,,,,WAT,,,,,,,592.0,"['HW', 'HW']"
593,HOH,290, ,W,,WAT,,,,,,,WAT,,,,,,,593.0,"['HW', 'HW']"
594,HOH,291, ,W,,WAT,,,,,,,WAT,,,,,,,594.0,"['HW', 'HW']"
595,HOH,292, ,W,,WAT,,,,,,,WAT,,,,,,,595.0,"['HW', 'HW']"
596,HOH,293, ,W,,WAT,,,,,,,WAT,,,,,,,596.0,"['HW', 'HW']"
597,HOH,294, ,W,,WAT,,,,,,,WAT,,,,,,,597.0,"['HW', 'HW']"
598,HOH,295, ,W,,WAT,,,,,,,WAT,,,,,,,598.0,"['HW', 'HW']"
599,HOH,296, ,W,,WAT,,,,,,,WAT,,,,,,,599.0,"['HW', 'HW']"
600,HOH,297, ,W,,WAT,,,,,,,WAT,,,,,,,600.0,"['HW', 'HW']"
601,HOH,298, ,W,,WAT,,,,,,,WAT,,,,,,,601.0,"['HW', 'HW']"
602,HOH,299, ,W,,WAT,,,,,,,WAT,,,,,,,602.0,"['HW', 'HW']"
603,HOH,300, ,W,,WAT,,,,,,,WAT,,,,,,,603.0,"['HW', 'HW']"
604,HOH,301, ,W,,WAT,,,,,,,WAT,,,,,,,604.0,"['HW', 'HW']"
605,HOH,302, ,W,,WAT,,,,,,,WAT,,,,,,,605.0,"['HW', 'HW']"
606,HOH,303, ,W,,WAT,,,,,,,WAT,,,,,,,606.0,"['HW', 'HW']"
607,HOH,304, ,W,,WAT,,,,,,,WAT,,,,,,,607.0,"['HW', 'HW']"
608,HOH,305, ,W,,WAT,,,,,,,WAT,,,,,,,608.0,"['HW', 'HW']"
609,HOH,306, ,W,,WAT,,,,,,,WAT,,,,,,,609.0,"['HW', 'HW']"
610,HOH,307, ,W,,WAT,,,,,,,WAT,,,,,,,610.0,"['HW', 'HW']"
611,HOH,308, ,W,,WAT,,,,,,,WAT,,,,,,,611.0,"['HW', 'HW']"
612,HOH,309, ,W,,WAT,,,,,,,WAT,,,,,,,612.0,"['HW', 'HW']"
613,HOH,310, ,W,,WAT,,,,,,,WAT,,,,,,,613.0,"['HW', 'HW']"
614,HOH,311, ,W,,WAT,,,,,,,WAT,,,,,,,614.0,"['HW', 'HW']"
615,HOH,312, ,W,,WAT,,,,,,,WAT,,,,,,,615.0,"['HW', 'HW']"
616,HOH,313, ,W,,WAT,,,,,,,WAT,,,,,,,616.0,"['HW', 'HW']"
617,HOH,314, ,W,,WAT,,,,,,,WAT,,,,,,,617.0,"['HW', 'HW']"
618,HOH,315, ,W,,WAT,,,,,,,WAT,,,,,,,618.0,"['HW', 'HW']"
619,HOH,316, ,W,,WAT,,,,,,,WAT,,,,,,,619.0,"['HW', 'HW']"
620,HOH,317, ,W,,WAT,,,,,,,WAT,,,,,,,620.0,"['HW', 'HW']"
621,HOH,318, ,W,,WAT,,,,,,,WAT,,,,,,,621.0,"['HW', 'HW']"
622,HOH,319, ,W,,WAT,,,,,,,WAT,,,,,,,622.0,"['HW', 'HW']"
623,HOH,320, ,W,,WAT,,,,,,,WAT,,,,,,,623.0,"['HW', 'HW']"
624,HOH,321, ,W,,WAT,,,,,,,WAT,,,,,,,624.0,"['HW', 'HW']"
625,HOH,322, ,W,,WAT,,,,,,,WAT,,,,,,,625.0,"['HW', 'HW']"
626,HOH,323, ,W,,WAT,,,,,,,WAT,,,,,,,626.0,"['HW', 'HW']"
627,HOH,324, ,W,,WAT,,,,,,,WAT,,,,,,,627.0,"['HW', 'HW']"
628,HOH,325, ,W,,WAT,,,,,,,WAT,,,,,,,628.0,"['HW', 'HW']"
629,HOH,326, ,W,,WAT,,,,,,,WAT,,,,,,,629.0,"['HW', 'HW']"
630,HOH,327, ,W,,WAT,,,,,,,WAT,,,,,,,630.0,"['HW', 'HW']"
631,HOH,328, ,W,,WAT,,,,,,,WAT,,,,,,,631.0,"['HW', 'HW']"
632,HOH,329, ,W,,WAT,,,,,,,WAT,,,,,,,632.0,"['HW', 'HW']"
633,HOH,330, ,W,,WAT,,,,,,,WAT,,,,,,,633.0,"['HW', 'HW']"
634,HOH,331, ,W,,WAT,,,,,,,WAT,,,,,,,634.0,"['HW', 'HW']"
635,HOH,332, ,W,,WAT,,,,,,,WAT,,,,,,,635.0,"['HW', 'HW']"
636,HOH,333, ,W,,WAT,,,,,,,WAT,,,,,,,636.0,"['HW', 'HW']"
637,HOH,334, ,W,,WAT,,,,,,,WAT,,,,,,,637.0,"['HW', 'HW']"
638,HOH,335, ,W,,WAT,,,,,,,WAT,,,,,,,638.0,"['HW', 'HW']"
639,HOH,336, ,W,,WAT,,,,,,,WAT,,,,,,,639.0,"['HW', 'HW']"
640,HOH,337, ,W,,WAT,,,,,,,WAT,,,,,,,640.0,"['HW', 'HW']"
641,HOH,338, ,W,,WAT,,,,,,,WAT,,,,,,,641.0,"['HW', 'HW']"
642,HOH,339, ,W,,WAT,,,,,,,WAT,,,,,,,642.0,"['HW', 'HW']"
643,HOH,340, ,W,,WAT,,,,,,,WAT,,,,,,,643.0,"['HW', 'HW']"
644,HOH,341, ,W,,WAT,,,,,,,WAT,,,,,,,644.0,"['HW', 'HW']"
645,N+,1,T,A,7.913143093003836,,,,0.0,-16.816,,,,0.0,N+,N+,1,N,,,
646,C-,304,T,A,3.4802537162362084,,,,0.0,-11.365,,,,79.0,C-,COO,-1,OXT,,,
